"id","name","month","price","measure","inflation"
1,"батон","2021-08-01",43.9777777777778,"Q1",NA
2,"хліб цільнозерновий","2021-08-01",61.7272727272727,"Q1",NA
3,"хліб житньо-пшеничний","2021-08-01",43.3375,"Q1",NA
4,"хліб пшеничний","2021-08-01",34.4166666666667,"Q1",NA
5,"торти","2021-08-01",267.220588235294,"Q1",NA
6,"банани","2021-08-01",21.9,"Q1",NA
7,"лимони","2021-08-01",42.9,"Q1",NA
8,"кавуни","2021-08-01",13.2,"Q1",NA
9,"виноград","2021-08-01",53.55,"Q1",NA
10,"яблука","2021-08-01",22.2,"Q1",NA
11,"апельсини","2021-08-01",48.9,"Q1",NA
12,"ягоди","2021-08-01",178.25,"Q1",NA
13,"ківі","2021-08-01",99.5,"Q1",NA
14,"мандарини","2021-08-01",43.9,"Q1",NA
15,"морква","2021-08-01",5.9,"Q1",NA
16,"кабачки","2021-08-01",10,"Q1",NA
17,"баклажани","2021-08-01",21.4,"Q1",NA
18,"перець солодкий","2021-08-01",26.65,"Q1",NA
19,"цибуля ріпчаста","2021-08-01",22.9,"Q1",NA
20,"картопля","2021-08-01",10.9,"Q1",NA
21,"буряк","2021-08-01",22.375,"Q1",NA
22,"капуста білокачанна","2021-08-01",5.4,"Q1",NA
23,"помідори","2021-08-01",117.4,"Q1",NA
24,"часник","2021-08-01",69.9,"Q1",NA
25,"огірки","2021-08-01",21.9,"Q1",NA
26,"гриби","2021-08-01",68.2211538461539,"Q1",NA
27,"салати","2021-08-01",144.017857142857,"Q1",NA
28,"сухофрукти","2021-08-01",158.7,"Q1",NA
29,"цукати","2021-08-01",255.633333333333,"Q1",NA
30,"сири розсольні","2021-08-01",159.6,"Q1",NA
31,"сири плавлені","2021-08-01",181.857142857143,"Q1",NA
32,"крем-сир","2021-08-01",251.3,"Q1",NA
33,"молоко пастеризоване жирністю до 2,6% включно","2021-08-01",29.33,"Q1",NA
34,"молоко з підвищеним вмістом жиру","2021-08-01",30.2016666666667,"Q1",NA
35,"сири м’які нежирні","2021-08-01",128.979166666667,"Q1",NA
36,"сирки та сиркова маса","2021-08-01",146.357142857143,"Q1",NA
37,"сири м’які жирні","2021-08-01",136.433333333333,"Q1",NA
38,"сметана жирністю до 15% включно","2021-08-01",72.7933436532508,"Q1",NA
39,"сметана з підвищеним вмістом жиру","2021-08-01",90.7142857142857,"Q1",NA
40,"йогурт","2021-08-01",57.0555555555556,"Q1",NA
41,"морозиво","2021-08-01",172.309285714286,"Q1",NA
42,"кефір 2.5%","2021-08-01",33.2967320261438,"Q1",NA
43,"масло вершкове 82%","2021-08-01",278.675,"Q1",NA
44,"масло вершкове 73%","2021-08-01",227.719444444444,"Q1",NA
45,"маргарин","2021-08-01",83.68,"Q1",NA
46,"яйця","2021-08-01",32.7,"Q1",NA
47,"філе куряче","2021-08-01",130.95,"Q1",NA
48,"свинина","2021-08-01",159.95,"Q1",NA
49,"яловичина фарш","2021-08-01",140.95,"Q1",NA
50,"свинина ребра","2021-08-01",129.95,"Q1",NA
51,"вирізка свиняча","2021-08-01",169.2,"Q1",NA
52,"свинина гуляш","2021-08-01",109.95,"Q1",NA
53,"субпродукти яловичні","2021-08-01",33.7,"Q1",NA
54,"свинина фарш","2021-08-01",104.95,"Q1",NA
55,"яловичина","2021-08-01",199.95,"Q1",NA
56,"сало","2021-08-01",164.320833333333,"Q1",NA
57,"яловичина ребра","2021-08-01",111.95,"Q1",NA
58,"вирізка яловича","2021-08-01",400.95,"Q1",NA
59,"субпродукти свинячі","2021-08-01",36.0625,"Q1",NA
60,"риба червона","2021-08-01",352.4,"Q1",NA
61,"риба річна","2021-08-01",118,"Q1",NA
62,"сосиски, сардельки вищого ґатунку","2021-08-01",170.411666666667,"Q1",NA
63,"сосиски, сардельки першого ґатунку","2021-08-01",104.54,"Q1",NA
64,"ковбаси сирокопчені в/ґ","2021-08-01",353.838961038961,"Q1",NA
65,"ковбаси варені вищого ґатунку","2021-08-01",152.975,"Q1",NA
66,"ковбаси варено-копчені в/ґ","2021-08-01",247.206071428571,"Q1",NA
67,"ковбаси варені першого ґатунку","2021-08-01",104.130714285714,"Q1",NA
68,"вироби з м’яса делікатесні","2021-08-01",270.06,"Q1",NA
69,"оселедці","2021-08-01",156.5875,"Q1",NA
70,"скумбрія копчена","2021-08-01",184.9,"Q1",NA
71,"ікра червона","2021-08-01",384.375,"Q1",NA
72,"морепродукти","2021-08-01",214.5,"Q1",NA
73,"риба морожена","2021-08-01",79,"Q1",NA
74,"філе мороженої риби","2021-08-01",129.071428571429,"Q1",NA
75,"броколі заморожена","2021-08-01",111.4375,"Q1",NA
76,"мед","2021-08-01",154,"Q1",NA
77,"крупи гречані","2021-08-01",50.590625,"Q1",NA
78,"рис","2021-08-01",40.2132547169811,"Q1",NA
79,"пластівці вівсяні","2021-08-01",43.63125,"Q1",NA
80,"крупи манні","2021-08-01",19.3,"Q1",NA
81,"пшоно","2021-08-01",20.41,"Q1",NA
82,"крупи ячні","2021-08-01",17.818125,"Q1",NA
83,"квасоля","2021-08-01",90.175,"Q1",NA
84,"макарони","2021-08-01",52.96,"Q1",NA
85,"борошно пшеничне","2021-08-01",17.35,"Q1",NA
86,"цукор","2021-08-01",29.555,"Q1",NA
87,"ром","2021-08-01",402.74,"Q1",NA
88,"супи","2021-08-01",187.5,"Q1",NA
89,"сіль","2021-08-01",26.6,"Q1",NA
90,"майонез","2021-08-01",73.3820512820513,"Q1",NA
91,"паста томатна","2021-08-01",63.7270531400966,"Q1",NA
92,"віскі","2021-08-01",529,"Q1",NA
93,"пиво","2021-08-01",40.7,"Q1",NA
94,"кетчуп томатний","2021-08-01",46.7777777777778,"Q1",NA
95,"олія соняшникова","2021-08-01",69.395,"Q1",NA
96,"олія оливкова","2021-08-01",332.16,"Q1",NA
97,"консерви рибні в олії","2021-08-01",238.125,"Q1",NA
98,"кукурудза консервована","2021-08-01",84.3658088235294,"Q1",NA
99,"горошок консервований","2021-08-01",64.2672883787661,"Q1",NA
100,"гриби консервовані","2021-08-01",121.968630136986,"Q1",NA
101,"зефір","2021-08-01",110.6975,"Q1",NA
102,"цукерки шоколадні","2021-08-01",226.656730769231,"Q1",NA
103,"карамель","2021-08-01",65.025,"Q1",NA
104,"коньяк","2021-08-01",304,"Q1",NA
105,"вафлі","2021-08-01",113.05,"Q1",NA
106,"печиво здобне","2021-08-01",104.146428571429,"Q1",NA
107,"печиво затяжне","2021-08-01",78.9394444444444,"Q1",NA
108,"сік апельсиновий","2021-08-01",35.9236842105263,"Q1",NA
109,"сік яблучний","2021-08-01",22.4,"Q1",NA
110,"шампанське","2021-08-01",145.673333333333,"Q1",NA
111,"кава мелена","2021-08-01",282.533333333333,"Q1",NA
112,"кава розчинна","2021-08-01",855.541021671827,"Q1",NA
113,"чай у пакетиках","2021-08-01",587.2,"Q1",NA
114,"солодка вода","2021-08-01",14.04,"Q1",NA
115,"вино біле сухе","2021-08-01",143.8,"Q1",NA
116,"вино червоне сухе","2021-08-01",144.613333333333,"Q1",NA
117,"горілка","2021-08-01",180.738888888889,"Q1",NA
118,"сигарети з фільтром медіум класу","2021-08-01",58,"Q1",NA
119,"сигарети з фільтром преміум класу","2021-08-01",62.5,"Q1",NA
120,"молочні суміші для дитячого харчування","2021-08-01",493.321875,"Q1",NA
121,"батон","2021-08-01",47.5111111111111,"median",NA
122,"хліб цільнозерновий","2021-08-01",67.2181818181818,"median",NA
123,"хліб житньо-пшеничний","2021-08-01",55,"median",NA
124,"хліб пшеничний","2021-08-01",43.6,"median",NA
125,"торти","2021-08-01",333.76,"median",NA
126,"банани","2021-08-01",21.9,"median",NA
127,"лимони","2021-08-01",42.9,"median",NA
128,"кавуни","2021-08-01",13.9,"median",NA
129,"виноград","2021-08-01",57.2,"median",NA
130,"яблука","2021-08-01",24.9,"median",NA
131,"апельсини","2021-08-01",51.9,"median",NA
132,"ягоди","2021-08-01",179,"median",NA
133,"ківі","2021-08-01",99.5,"median",NA
134,"мандарини","2021-08-01",43.9,"median",NA
135,"морква","2021-08-01",11.4,"median",NA
136,"кабачки","2021-08-01",10,"median",NA
137,"баклажани","2021-08-01",29.9,"median",NA
138,"перець солодкий","2021-08-01",34.4,"median",NA
139,"цибуля ріпчаста","2021-08-01",23.5,"median",NA
140,"картопля","2021-08-01",11.9,"median",NA
141,"буряк","2021-08-01",38.25,"median",NA
142,"капуста білокачанна","2021-08-01",5.4,"median",NA
143,"помідори","2021-08-01",128.8,"median",NA
144,"часник","2021-08-01",69.9,"median",NA
145,"огірки","2021-08-01",21.9,"median",NA
146,"гриби","2021-08-01",69.5,"median",NA
147,"салати","2021-08-01",204.731457800512,"median",NA
148,"сухофрукти","2021-08-01",237.493333333333,"median",NA
149,"цукати","2021-08-01",288.206666666667,"median",NA
150,"сири розсольні","2021-08-01",219,"median",NA
151,"сири плавлені","2021-08-01",214.25,"median",NA
152,"крем-сир","2021-08-01",303.7,"median",NA
153,"молоко пастеризоване жирністю до 2,6% включно","2021-08-01",32.9263157894737,"median",NA
154,"молоко з підвищеним вмістом жиру","2021-08-01",33.4,"median",NA
155,"сири м’які нежирні","2021-08-01",142.164864864865,"median",NA
156,"сирки та сиркова маса","2021-08-01",152.357142857143,"median",NA
157,"сири м’які жирні","2021-08-01",152.88,"median",NA
158,"сметана жирністю до 15% включно","2021-08-01",82.5714285714286,"median",NA
159,"сметана з підвищеним вмістом жиру","2021-08-01",98.4857142857143,"median",NA
160,"йогурт","2021-08-01",69.8928571428571,"median",NA
161,"морозиво","2021-08-01",229.622222222222,"median",NA
162,"кефір 2.5%","2021-08-01",35.4942528735632,"median",NA
163,"масло вершкове 82%","2021-08-01",304.891666666667,"median",NA
164,"масло вершкове 73%","2021-08-01",239.5,"median",NA
165,"маргарин","2021-08-01",85.96,"median",NA
166,"яйця","2021-08-01",43.1,"median",NA
167,"філе куряче","2021-08-01",140.43,"median",NA
168,"свинина","2021-08-01",162.95,"median",NA
169,"яловичина фарш","2021-08-01",150.95,"median",NA
170,"свинина ребра","2021-08-01",129.95,"median",NA
171,"вирізка свиняча","2021-08-01",169.45,"median",NA
172,"свинина гуляш","2021-08-01",109.95,"median",NA
173,"субпродукти яловичні","2021-08-01",47.925,"median",NA
174,"свинина фарш","2021-08-01",110.26,"median",NA
175,"яловичина","2021-08-01",208.95,"median",NA
176,"сало","2021-08-01",177.133333333333,"median",NA
177,"яловичина ребра","2021-08-01",111.95,"median",NA
178,"вирізка яловича","2021-08-01",400.95,"median",NA
179,"субпродукти свинячі","2021-08-01",37.43,"median",NA
180,"риба червона","2021-08-01",394.9,"median",NA
181,"риба річна","2021-08-01",131.5,"median",NA
182,"сосиски, сардельки вищого ґатунку","2021-08-01",190.86,"median",NA
183,"сосиски, сардельки першого ґатунку","2021-08-01",123.29,"median",NA
184,"ковбаси сирокопчені в/ґ","2021-08-01",396.588235294118,"median",NA
185,"ковбаси варені вищого ґатунку","2021-08-01",166.69,"median",NA
186,"ковбаси варено-копчені в/ґ","2021-08-01",297.7,"median",NA
187,"ковбаси варені першого ґатунку","2021-08-01",130.1025,"median",NA
188,"вироби з м’яса делікатесні","2021-08-01",338.22,"median",NA
189,"оселедці","2021-08-01",165.204255319149,"median",NA
190,"скумбрія копчена","2021-08-01",212.14,"median",NA
191,"ікра червона","2021-08-01",1564.31578947368,"median",NA
192,"морепродукти","2021-08-01",279,"median",NA
193,"риба морожена","2021-08-01",99.9,"median",NA
194,"філе мороженої риби","2021-08-01",163.057142857143,"median",NA
195,"броколі заморожена","2021-08-01",112.625,"median",NA
196,"мед","2021-08-01",177.825,"median",NA
197,"крупи гречані","2021-08-01",71.6211111111111,"median",NA
198,"рис","2021-08-01",83.25,"median",NA
199,"пластівці вівсяні","2021-08-01",50.885,"median",NA
200,"крупи манні","2021-08-01",19.78,"median",NA
201,"пшоно","2021-08-01",32.63,"median",NA
202,"крупи ячні","2021-08-01",19.1875,"median",NA
203,"квасоля","2021-08-01",90.35,"median",NA
204,"макарони","2021-08-01",60.86,"median",NA
205,"борошно пшеничне","2021-08-01",20.93,"median",NA
206,"цукор","2021-08-01",39.3625,"median",NA
207,"ром","2021-08-01",567.807142857143,"median",NA
208,"супи","2021-08-01",311.374269005848,"median",NA
209,"сіль","2021-08-01",47.24,"median",NA
210,"майонез","2021-08-01",86.5555555555556,"median",NA
211,"паста томатна","2021-08-01",67.7489795918367,"median",NA
212,"віскі","2021-08-01",832.857142857143,"median",NA
213,"пиво","2021-08-01",55.2,"median",NA
214,"кетчуп томатний","2021-08-01",55.48,"median",NA
215,"олія соняшникова","2021-08-01",76.0341446923597,"median",NA
216,"олія оливкова","2021-08-01",425.36,"median",NA
217,"консерви рибні в олії","2021-08-01",288.8,"median",NA
218,"кукурудза консервована","2021-08-01",98,"median",NA
219,"горошок консервований","2021-08-01",74.7622549019608,"median",NA
220,"гриби консервовані","2021-08-01",163.269108280255,"median",NA
221,"зефір","2021-08-01",122.45,"median",NA
222,"цукерки шоколадні","2021-08-01",287.35,"median",NA
223,"карамель","2021-08-01",84.53,"median",NA
224,"коньяк","2021-08-01",381,"median",NA
225,"вафлі","2021-08-01",129.96875,"median",NA
226,"печиво здобне","2021-08-01",114.121568627451,"median",NA
227,"печиво затяжне","2021-08-01",82.8888888888889,"median",NA
228,"сік апельсиновий","2021-08-01",43.54,"median",NA
229,"сік яблучний","2021-08-01",33.578947368421,"median",NA
230,"шампанське","2021-08-01",296.213333333333,"median",NA
231,"кава мелена","2021-08-01",343.466666666667,"median",NA
232,"кава розчинна","2021-08-01",1098.65,"median",NA
233,"чай у пакетиках","2021-08-01",695.6,"median",NA
234,"солодка вода","2021-08-01",22.82,"median",NA
235,"вино біле сухе","2021-08-01",225.333333333333,"median",NA
236,"вино червоне сухе","2021-08-01",233.2,"median",NA
237,"горілка","2021-08-01",207.18,"median",NA
238,"сигарети з фільтром медіум класу","2021-08-01",60.75,"median",NA
239,"сигарети з фільтром преміум класу","2021-08-01",62.5,"median",NA
240,"молочні суміші для дитячого харчування","2021-08-01",702.561111111111,"median",NA
241,"печиво здобне","2021-09-01",107.5,"Q1",3.2
242,"хліб житньо-пшеничний","2021-09-01",47.68125,"Q1",10
243,"батон","2021-09-01",43.4,"Q1",-1.3
244,"хліб цільнозерновий","2021-09-01",56.75,"Q1",-8.1
245,"хліб пшеничний","2021-09-01",32.9166666666667,"Q1",-4.4
246,"торти","2021-09-01",228.785183066362,"Q1",-14
247,"лимони","2021-09-01",57.175,"Q1",33
248,"банани","2021-09-01",25.8,"Q1",18
249,"кавуни","2021-09-01",6.1,"Q1",-54
250,"авокадо","2021-09-01",14.9,"Q1",NA
251,"виноград","2021-09-01",54.5,"Q1",1.8
252,"яблука","2021-09-01",16.8,"Q1",-24
253,"апельсини","2021-09-01",45.9,"Q1",-6.1
254,"ягоди","2021-09-01",327.666666666667,"Q1",84
255,"ківі","2021-09-01",88.175,"Q1",-11
256,"мандарини","2021-09-01",70.8,"Q1",61
257,"цибуля ріпчаста","2021-09-01",13.975,"Q1",-39
258,"картопля","2021-09-01",12.7,"Q1",17
259,"морква","2021-09-01",9.85,"Q1",67
260,"кабачки","2021-09-01",16.9,"Q1",69
261,"перець солодкий","2021-09-01",32.4,"Q1",22
262,"буряк","2021-09-01",10.7,"Q1",-52
263,"баклажани","2021-09-01",29.9,"Q1",40
264,"капуста білокачанна","2021-09-01",4.7,"Q1",-13
265,"часник","2021-09-01",28.9,"Q1",-59
266,"помідори","2021-09-01",174,"Q1",48
267,"гриби","2021-09-01",73.75,"Q1",8.1
268,"салати","2021-09-01",151.714285714286,"Q1",5.3
269,"сухофрукти","2021-09-01",161.5,"Q1",1.8
270,"цукати","2021-09-01",255.633333333333,"Q1",0
271,"сири розсольні","2021-09-01",203.538913043478,"Q1",28
272,"крем-сир","2021-09-01",259.884615384615,"Q1",3.4
273,"сири плавлені","2021-09-01",196,"Q1",7.8
274,"молоко пастеризоване жирністю до 2,6% включно","2021-09-01",30.3916666666667,"Q1",3.6
275,"молоко з підвищеним вмістом жиру","2021-09-01",31.7,"Q1",5
276,"сири м’які нежирні","2021-09-01",129.6125,"Q1",0.49
277,"сири м’які жирні","2021-09-01",137.278571428571,"Q1",0.62
278,"сирки та сиркова маса","2021-09-01",135.972222222222,"Q1",-7.1
279,"сметана жирністю до 15% включно","2021-09-01",73.3458646616541,"Q1",0.76
280,"сметана з підвищеним вмістом жиру","2021-09-01",97.5428571428571,"Q1",7.5
281,"йогурт","2021-09-01",61.8125,"Q1",8.3
282,"морозиво","2021-09-01",155.714285714286,"Q1",-9.6
283,"кефір 2.5%","2021-09-01",34.5611111111111,"Q1",3.8
284,"масло вершкове 73%","2021-09-01",235.3875,"Q1",3.4
285,"масло вершкове 82%","2021-09-01",252.075,"Q1",-9.5
286,"маргарин","2021-09-01",84.8,"Q1",1.3
287,"яйця","2021-09-01",35.95,"Q1",9.9
288,"філе куряче","2021-09-01",128.585,"Q1",-1.8
289,"свинина","2021-09-01",117.95,"Q1",-26
290,"вирізка свиняча","2021-09-01",172.2,"Q1",1.8
291,"свинина ребра","2021-09-01",129.95,"Q1",0
292,"свинина гуляш","2021-09-01",109.95,"Q1",0
293,"яловичина фарш","2021-09-01",165.7,"Q1",18
294,"субпродукти яловичні","2021-09-01",34.45,"Q1",2.2
295,"субпродукти свинячі","2021-09-01",37.92,"Q1",5.2
296,"свинина фарш","2021-09-01",107.95,"Q1",2.9
297,"яловичина","2021-09-01",217.95,"Q1",9
298,"сало","2021-09-01",108.75,"Q1",-34
299,"яловичина ребра","2021-09-01",136.95,"Q1",22
300,"вироби з м’яса делікатесні","2021-09-01",246.59,"Q1",-8.7
301,"вирізка яловича","2021-09-01",549.1,"Q1",37
302,"риба червона","2021-09-01",349.9,"Q1",-0.71
303,"риба річна","2021-09-01",119.9,"Q1",1.6
304,"сосиски, сардельки вищого ґатунку","2021-09-01",170.536666666667,"Q1",0.073
305,"сосиски, сардельки першого ґатунку","2021-09-01",102.39,"Q1",-2.1
306,"ковбаси сирокопчені в/ґ","2021-09-01",378.893333333333,"Q1",7.1
307,"ковбаси варені вищого ґатунку","2021-09-01",154.145,"Q1",0.76
308,"ковбаси варено-копчені в/ґ","2021-09-01",224.401071428571,"Q1",-9.2
309,"ковбаси варені першого ґатунку","2021-09-01",106.6175,"Q1",2.4
310,"оселедці","2021-09-01",152.407142857143,"Q1",-2.7
311,"скумбрія копчена","2021-09-01",196.12,"Q1",6.1
312,"морепродукти","2021-09-01",225.115079365079,"Q1",4.9
313,"ікра червона","2021-09-01",1266.20833333333,"Q1",230
314,"риба морожена","2021-09-01",59.4,"Q1",-25
315,"філе мороженої риби","2021-09-01",129.071428571429,"Q1",0
316,"броколі заморожена","2021-09-01",90.625,"Q1",-19
317,"пшоно","2021-09-01",19.5,"Q1",-4.5
318,"молочні суміші для дитячого харчування","2021-09-01",529.4375,"Q1",7.3
319,"сіль","2021-09-01",28.12,"Q1",5.7
320,"мед","2021-09-01",151.48,"Q1",-1.6
321,"солодка вода","2021-09-01",12.1333333333333,"Q1",-14
322,"карамель","2021-09-01",70.2675,"Q1",8.1
323,"чай у пакетиках","2021-09-01",573.4,"Q1",-2.4
324,"вафлі","2021-09-01",121.78373015873,"Q1",7.7
325,"крупи гречані","2021-09-01",50.590625,"Q1",0
326,"рис","2021-09-01",41.3725,"Q1",2.9
327,"крупи манні","2021-09-01",19.1875,"Q1",-0.58
328,"пластівці вівсяні","2021-09-01",27.7,"Q1",-37
329,"квасоля","2021-09-01",90.175,"Q1",0
330,"крупи ячні","2021-09-01",18.29375,"Q1",2.7
331,"макарони","2021-09-01",54.8,"Q1",3.5
332,"борошно пшеничне","2021-09-01",15.4444444444444,"Q1",-11
333,"цукор","2021-09-01",28,"Q1",-5.3
334,"ром","2021-09-01",350,"Q1",-13
335,"супи","2021-09-01",199.8,"Q1",6.6
336,"олія соняшникова","2021-09-01",68.3783333333333,"Q1",-1.5
337,"олія оливкова","2021-09-01",328.715,"Q1",-1
338,"віскі","2021-09-01",542.857142857143,"Q1",2.6
339,"пиво","2021-09-01",36.4325,"Q1",-10
340,"консерви рибні в олії","2021-09-01",228.664855072464,"Q1",-4
341,"вино біле сухе","2021-09-01",143.823333333333,"Q1",0.016
342,"коньяк","2021-09-01",306,"Q1",0.66
343,"вино червоне сухе","2021-09-01",140.9,"Q1",-2.6
344,"цукерки шоколадні","2021-09-01",309.465,"Q1",37
345,"шампанське","2021-09-01",208.666666666667,"Q1",43
346,"горілка","2021-09-01",184.142857142857,"Q1",1.9
347,"майонез","2021-09-01",74.8026315789474,"Q1",1.9
348,"паста томатна","2021-09-01",56.9894444444444,"Q1",-11
349,"кетчуп томатний","2021-09-01",46,"Q1",-1.7
350,"кукурудза консервована","2021-09-01",84.3658088235294,"Q1",0
351,"горошок консервований","2021-09-01",64.2672883787661,"Q1",0
352,"гриби консервовані","2021-09-01",112.306517755868,"Q1",-7.9
353,"зефір","2021-09-01",106.25,"Q1",-4
354,"печиво затяжне","2021-09-01",73.1083333333333,"Q1",-7.4
355,"кава мелена","2021-09-01",277.95,"Q1",-1.6
356,"кава розчинна","2021-09-01",834.947368421053,"Q1",-2.4
357,"сік апельсиновий","2021-09-01",42.46,"Q1",18
358,"сік яблучний","2021-09-01",23.0186842105263,"Q1",2.8
359,"сигарети з фільтром медіум класу","2021-09-01",58.75,"Q1",1.3
360,"сигарети з фільтром преміум класу","2021-09-01",62.5,"Q1",0
361,"печиво здобне","2021-09-01",125.4,"median",9.9
362,"хліб житньо-пшеничний","2021-09-01",62.9583333333333,"median",14
363,"батон","2021-09-01",46.6888888888889,"median",-1.7
364,"хліб цільнозерновий","2021-09-01",62.5,"median",-7
365,"хліб пшеничний","2021-09-01",43.925,"median",0.75
366,"торти","2021-09-01",293.470588235294,"median",-12
367,"лимони","2021-09-01",74.45,"median",74
368,"банани","2021-09-01",25.8,"median",18
369,"кавуни","2021-09-01",7.7,"median",-45
370,"авокадо","2021-09-01",14.9,"median",NA
371,"виноград","2021-09-01",61,"median",6.6
372,"яблука","2021-09-01",21.2,"median",-15
373,"апельсини","2021-09-01",56.5,"median",8.9
374,"ягоди","2021-09-01",357.833333333333,"median",100
375,"ківі","2021-09-01",90.45,"median",-9.1
376,"мандарини","2021-09-01",73.7,"median",68
377,"цибуля ріпчаста","2021-09-01",15.9,"median",-32
378,"картопля","2021-09-01",13.9,"median",17
379,"морква","2021-09-01",12.5,"median",9.6
380,"кабачки","2021-09-01",16.9,"median",69
381,"перець солодкий","2021-09-01",36.9,"median",7.3
382,"буряк","2021-09-01",14.5,"median",-62
383,"баклажани","2021-09-01",29.9,"median",0
384,"капуста білокачанна","2021-09-01",4.7,"median",-13
385,"часник","2021-09-01",43.9,"median",-37
386,"помідори","2021-09-01",174,"median",35
387,"гриби","2021-09-01",79,"median",14
388,"салати","2021-09-01",235.416666666667,"median",15
389,"сухофрукти","2021-09-01",262.45,"median",11
390,"цукати","2021-09-01",288.206666666667,"median",0
391,"сири розсольні","2021-09-01",241.8,"median",10
392,"крем-сир","2021-09-01",365.016666666667,"median",20
393,"сири плавлені","2021-09-01",228.125,"median",6.5
394,"молоко пастеризоване жирністю до 2,6% включно","2021-09-01",33.9588888888889,"median",3.1
395,"молоко з підвищеним вмістом жиру","2021-09-01",35.2777777777778,"median",5.6
396,"сири м’які нежирні","2021-09-01",143.95,"median",1.3
397,"сири м’які жирні","2021-09-01",156.383333333333,"median",2.3
398,"сирки та сиркова маса","2021-09-01",147.892857142857,"median",-2.9
399,"сметана жирністю до 15% включно","2021-09-01",85,"median",2.9
400,"сметана з підвищеним вмістом жиру","2021-09-01",103.9875,"median",5.6
401,"йогурт","2021-09-01",75.0344827586207,"median",7.4
402,"морозиво","2021-09-01",198.571428571429,"median",-14
403,"кефір 2.5%","2021-09-01",36.6122807017544,"median",3.1
404,"масло вершкове 73%","2021-09-01",256,"median",6.9
405,"масло вершкове 82%","2021-09-01",299.625,"median",-1.7
406,"маргарин","2021-09-01",88.8,"median",3.3
407,"яйця","2021-09-01",42.3,"median",-1.9
408,"філе куряче","2021-09-01",139.9,"median",-0.38
409,"свинина","2021-09-01",165.95,"median",1.8
410,"вирізка свиняча","2021-09-01",172.45,"median",1.8
411,"свинина ребра","2021-09-01",129.95,"median",0
412,"свинина гуляш","2021-09-01",109.95,"median",0
413,"яловичина фарш","2021-09-01",172.45,"median",14
414,"субпродукти яловичні","2021-09-01",51.23,"median",6.9
415,"субпродукти свинячі","2021-09-01",40.95,"median",9.4
416,"свинина фарш","2021-09-01",110.95,"median",0.63
417,"яловичина","2021-09-01",232.95,"median",11
418,"сало","2021-09-01",129.95,"median",-27
419,"яловичина ребра","2021-09-01",136.95,"median",22
420,"вироби з м’яса делікатесні","2021-09-01",319.37,"median",-5.6
421,"вирізка яловича","2021-09-01",549.1,"median",37
422,"риба червона","2021-09-01",409.9,"median",3.8
423,"риба річна","2021-09-01",129.9,"median",-1.2
424,"сосиски, сардельки вищого ґатунку","2021-09-01",189.7,"median",-0.61
425,"сосиски, сардельки першого ґатунку","2021-09-01",123,"median",-0.24
426,"ковбаси сирокопчені в/ґ","2021-09-01",451.75,"median",14
427,"ковбаси варені вищого ґатунку","2021-09-01",193.7025,"median",16
428,"ковбаси варено-копчені в/ґ","2021-09-01",271.779285714286,"median",-8.7
429,"ковбаси варені першого ґатунку","2021-09-01",128.465,"median",-1.3
430,"оселедці","2021-09-01",167.529255319149,"median",1.4
431,"скумбрія копчена","2021-09-01",232.04,"median",9.4
432,"морепродукти","2021-09-01",288.7,"median",3.5
433,"ікра червона","2021-09-01",1673.75,"median",7
434,"риба морожена","2021-09-01",94.9,"median",-5
435,"філе мороженої риби","2021-09-01",163.057142857143,"median",0
436,"броколі заморожена","2021-09-01",98.75,"median",-12
437,"пшоно","2021-09-01",20.41,"median",-37
438,"молочні суміші для дитячого харчування","2021-09-01",717.125,"median",2.1
439,"сіль","2021-09-01",56.9,"median",20
440,"мед","2021-09-01",183.740740740741,"median",3.3
441,"солодка вода","2021-09-01",21.9,"median",-4
442,"карамель","2021-09-01",92.025,"median",8.9
443,"чай у пакетиках","2021-09-01",743.8,"median",6.9
444,"вафлі","2021-09-01",135.75,"median",4.4
445,"крупи гречані","2021-09-01",69.1111111111111,"median",-3.5
446,"рис","2021-09-01",82.625,"median",-0.75
447,"крупи манні","2021-09-01",21.3125,"median",7.7
448,"пластівці вівсяні","2021-09-01",42.675,"median",-16
449,"квасоля","2021-09-01",90.35,"median",0
450,"крупи ячні","2021-09-01",20.075,"median",4.6
451,"макарони","2021-09-01",60.87,"median",0.016
452,"борошно пшеничне","2021-09-01",19.82,"median",-5.3
453,"цукор","2021-09-01",39.125,"median",-0.6
454,"ром","2021-09-01",571.285714285714,"median",0.61
455,"супи","2021-09-01",289.052287581699,"median",-7.2
456,"олія соняшникова","2021-09-01",72.8235294117647,"median",-4.2
457,"олія оливкова","2021-09-01",435.3,"median",2.3
458,"віскі","2021-09-01",759,"median",-8.9
459,"пиво","2021-09-01",51.72,"median",-6.3
460,"консерви рибні в олії","2021-09-01",280.344202898551,"median",-2.9
461,"вино біле сухе","2021-09-01",218.873333333333,"median",-2.9
462,"коньяк","2021-09-01",390.56,"median",2.5
463,"вино червоне сухе","2021-09-01",228.333333333333,"median",-2.1
464,"цукерки шоколадні","2021-09-01",504.28275862069,"median",75
465,"шампанське","2021-09-01",462.44,"median",56
466,"горілка","2021-09-01",230.6,"median",11
467,"майонез","2021-09-01",88.7777777777778,"median",2.6
468,"паста томатна","2021-09-01",67.7489795918367,"median",0
469,"кетчуп томатний","2021-09-01",56.25,"median",1.4
470,"кукурудза консервована","2021-09-01",93.3088235294118,"median",-4.8
471,"горошок консервований","2021-09-01",74.7622549019608,"median",0
472,"гриби консервовані","2021-09-01",164.5,"median",0.75
473,"зефір","2021-09-01",140.466666666667,"median",15
474,"печиво затяжне","2021-09-01",80.2166666666667,"median",-3.2
475,"кава мелена","2021-09-01",354.01,"median",3.1
476,"кава розчинна","2021-09-01",1010.2,"median",-8.1
477,"сік апельсиновий","2021-09-01",49.9,"median",15
478,"сік яблучний","2021-09-01",33.6157894736842,"median",0.11
479,"сигарети з фільтром медіум класу","2021-09-01",61.25,"median",0.82
480,"сигарети з фільтром преміум класу","2021-09-01",62.5,"median",0
481,"батон","2021-10-01",39.2666666666667,"Q1",-9.5
482,"хліб житньо-пшеничний","2021-10-01",47.6875,"Q1",0.013
483,"хліб цільнозерновий","2021-10-01",51,"Q1",-10
484,"хліб пшеничний","2021-10-01",35.0925,"Q1",6.6
485,"торти","2021-10-01",213.645,"Q1",-6.6
486,"банани","2021-10-01",27.35,"Q1",6
487,"авокадо","2021-10-01",22.9,"Q1",54
488,"кавуни","2021-10-01",6.2,"Q1",1.6
489,"яблука","2021-10-01",16.8,"Q1",0
490,"апельсини","2021-10-01",44.5,"Q1",-3.1
491,"виноград","2021-10-01",47.25,"Q1",-13
492,"ягоди","2021-10-01",338,"Q1",3.2
493,"ківі","2021-10-01",74.5,"Q1",-16
494,"мандарини","2021-10-01",37.05,"Q1",-48
495,"лимони","2021-10-01",34.65,"Q1",-39
496,"цибуля ріпчаста","2021-10-01",13.9,"Q1",-0.54
497,"морква","2021-10-01",7.6,"Q1",-23
498,"картопля","2021-10-01",12.795,"Q1",0.75
499,"перець солодкий","2021-10-01",24.9,"Q1",-23
500,"буряк","2021-10-01",7.9,"Q1",-26
501,"капуста білокачанна","2021-10-01",6.05,"Q1",29
502,"баклажани","2021-10-01",32.9,"Q1",10
503,"часник","2021-10-01",32.65,"Q1",13
504,"помідори","2021-10-01",189.4,"Q1",8.9
505,"гриби","2021-10-01",71.625,"Q1",-2.9
506,"салати","2021-10-01",151.714285714286,"Q1",0
507,"сухофрукти","2021-10-01",156,"Q1",-3.4
508,"цукати","2021-10-01",265.133333333333,"Q1",3.7
509,"сири плавлені","2021-10-01",196,"Q1",0
510,"сири розсольні","2021-10-01",178.24,"Q1",-12
511,"крем-сир","2021-10-01",251.3,"Q1",-3.3
512,"молоко пастеризоване жирністю до 2,6% включно","2021-10-01",29.0333333333333,"Q1",-4.5
513,"молоко з підвищеним вмістом жиру","2021-10-01",32.87,"Q1",3.7
514,"сири м’які нежирні","2021-10-01",128.657142857143,"Q1",-0.74
515,"сири м’які жирні","2021-10-01",136.433333333333,"Q1",-0.62
516,"сирки та сиркова маса","2021-10-01",144.388888888889,"Q1",6.2
517,"сметана жирністю до 15% включно","2021-10-01",77.4710424710425,"Q1",5.6
518,"сметана з підвищеним вмістом жиру","2021-10-01",94.8,"Q1",-2.8
519,"йогурт","2021-10-01",57.9411764705882,"Q1",-6.3
520,"морозиво","2021-10-01",172,"Q1",10
521,"кефір 2.5%","2021-10-01",34.3895833333333,"Q1",-0.5
522,"масло вершкове 73%","2021-10-01",239.5,"Q1",1.7
523,"масло вершкове 82%","2021-10-01",277,"Q1",9.9
524,"маргарин","2021-10-01",83.6,"Q1",-1.4
525,"яйця","2021-10-01",36.0825,"Q1",0.37
526,"філе куряче","2021-10-01",126.7375,"Q1",-1.4
527,"свинина","2021-10-01",121.95,"Q1",3.4
528,"свинина ребра","2021-10-01",106.95,"Q1",-18
529,"свинина гуляш","2021-10-01",109.95,"Q1",0
530,"субпродукти яловичні","2021-10-01",32.95,"Q1",-4.4
531,"свинина фарш","2021-10-01",109.45,"Q1",1.4
532,"субпродукти свинячі","2021-10-01",37.91,"Q1",-0.026
533,"яловичина","2021-10-01",217.95,"Q1",0
534,"яловичина фарш","2021-10-01",155.95,"Q1",-5.9
535,"яловичина ребра","2021-10-01",136.95,"Q1",0
536,"вирізка свиняча","2021-10-01",172.95,"Q1",0.44
537,"сало","2021-10-01",165.841666666667,"Q1",52
538,"риба червона","2021-10-01",329,"Q1",-6
539,"риба річна","2021-10-01",109.9,"Q1",-8.3
540,"сосиски, сардельки вищого ґатунку","2021-10-01",174.042553191489,"Q1",2.1
541,"сосиски, сардельки першого ґатунку","2021-10-01",104.54,"Q1",2.1
542,"ковбаси сирокопчені в/ґ","2021-10-01",375.333333333333,"Q1",-0.94
543,"ковбаси варені вищого ґатунку","2021-10-01",165.1475,"Q1",7.1
544,"ковбаси варено-копчені в/ґ","2021-10-01",230.071428571429,"Q1",2.5
545,"ковбаси варені першого ґатунку","2021-10-01",106.83,"Q1",0.2
546,"вироби з м’яса делікатесні","2021-10-01",252.88,"Q1",2.6
547,"оселедці","2021-10-01",149.444444444444,"Q1",-1.9
548,"скумбрія копчена","2021-10-01",232.04,"Q1",18
549,"морепродукти","2021-10-01",197.15,"Q1",-12
550,"ікра червона","2021-10-01",1165.4375,"Q1",-8
551,"риба морожена","2021-10-01",71.5,"Q1",20
552,"філе мороженої риби","2021-10-01",136.471428571429,"Q1",5.7
553,"броколі заморожена","2021-10-01",74.75,"Q1",-18
554,"сіль","2021-10-01",28.12,"Q1",0
555,"мед","2021-10-01",170.475,"Q1",13
556,"крупи гречані","2021-10-01",50.2,"Q1",-0.77
557,"рис","2021-10-01",40.57,"Q1",-1.9
558,"крупи манні","2021-10-01",19.225,"Q1",0.2
559,"пластівці вівсяні","2021-10-01",34.58,"Q1",25
560,"пшоно","2021-10-01",19.955,"Q1",2.3
561,"квасоля","2021-10-01",90,"Q1",-0.19
562,"крупи ячні","2021-10-01",17.818125,"Q1",-2.6
563,"макарони","2021-10-01",48.275,"Q1",-12
564,"борошно пшеничне","2021-10-01",15.4444444444444,"Q1",0
565,"цукор","2021-10-01",27.975,"Q1",-0.089
566,"ром","2021-10-01",402.74,"Q1",15
567,"супи","2021-10-01",198.5,"Q1",-0.65
568,"пиво","2021-10-01",37.45,"Q1",2.8
569,"горілка","2021-10-01",180,"Q1",-2.2
570,"вино червоне сухе","2021-10-01",146.666666666667,"Q1",4.1
571,"вино біле сухе","2021-10-01",152.2,"Q1",5.8
572,"віскі","2021-10-01",570,"Q1",5
573,"коньяк","2021-10-01",303.82,"Q1",-0.71
574,"майонез","2021-10-01",75,"Q1",0.26
575,"паста томатна","2021-10-01",65.0942028985507,"Q1",14
576,"кетчуп томатний","2021-10-01",46.325,"Q1",0.71
577,"олія соняшникова","2021-10-01",67.764705882353,"Q1",-0.9
578,"олія оливкова","2021-10-01",340.55,"Q1",3.6
579,"консерви рибні в олії","2021-10-01",232.608695652174,"Q1",1.7
580,"кукурудза консервована","2021-10-01",87.625,"Q1",3.9
581,"горошок консервований","2021-10-01",66.0975609756098,"Q1",2.8
582,"гриби консервовані","2021-10-01",109.68152866242,"Q1",-2.3
583,"карамель","2021-10-01",71.335,"Q1",1.5
584,"зефір","2021-10-01",113.69,"Q1",7
585,"цукерки шоколадні","2021-10-01",369.382352941177,"Q1",19
586,"печиво здобне","2021-10-01",104.828571428571,"Q1",-2.5
587,"вафлі","2021-10-01",122.114285714286,"Q1",0.27
588,"печиво затяжне","2021-10-01",66,"Q1",-9.7
589,"сік апельсиновий","2021-10-01",34.6315789473684,"Q1",-18
590,"сік яблучний","2021-10-01",25.8947368421053,"Q1",12
591,"шампанське","2021-10-01",145.933333333333,"Q1",-30
592,"кава мелена","2021-10-01",290.6,"Q1",4.6
593,"кава розчинна","2021-10-01",836.26052631579,"Q1",0.16
594,"чай у пакетиках","2021-10-01",568.8,"Q1",-0.8
595,"солодка вода","2021-10-01",13.9,"Q1",15
596,"сигарети з фільтром медіум класу","2021-10-01",59.375,"Q1",1.1
597,"сигарети з фільтром преміум класу","2021-10-01",62.5,"Q1",0
598,"молочні суміші для дитячого харчування","2021-10-01",574.0625,"Q1",8.4
599,"кабачки","2021-10-01",22.9,"Q1",36
600,"огірки","2021-10-01",35.1,"Q1",60
601,"вирізка яловича","2021-10-01",477.025,"Q1",-13
602,"батон","2021-10-01",45.46,"median",-2.6
603,"хліб житньо-пшеничний","2021-10-01",65,"median",3.2
604,"хліб цільнозерновий","2021-10-01",62.5,"median",0
605,"хліб пшеничний","2021-10-01",46,"median",4.7
606,"торти","2021-10-01",283.29126984127,"median",-3.5
607,"банани","2021-10-01",27.65,"median",7.2
608,"авокадо","2021-10-01",39.5,"median",170
609,"кавуни","2021-10-01",7.9,"median",2.6
610,"яблука","2021-10-01",19.825,"median",-6.5
611,"апельсини","2021-10-01",54.5,"median",-3.5
612,"виноград","2021-10-01",56,"median",-8.2
613,"ягоди","2021-10-01",356.666666666667,"median",-0.33
614,"ківі","2021-10-01",85.9,"median",-5
615,"мандарини","2021-10-01",54.5,"median",-26
616,"лимони","2021-10-01",74.45,"median",0
617,"цибуля ріпчаста","2021-10-01",15.9,"median",0
618,"морква","2021-10-01",13.9,"median",11
619,"картопля","2021-10-01",16.55,"median",19
620,"перець солодкий","2021-10-01",40.9,"median",11
621,"буряк","2021-10-01",14.5,"median",0
622,"капуста білокачанна","2021-10-01",6.55,"median",39
623,"баклажани","2021-10-01",36.4,"median",22
624,"часник","2021-10-01",79.45,"median",81
625,"помідори","2021-10-01",196,"median",13
626,"гриби","2021-10-01",82,"median",3.8
627,"салати","2021-10-01",228.125,"median",-3.1
628,"сухофрукти","2021-10-01",262.45,"median",0
629,"цукати","2021-10-01",311.28,"median",8
630,"сири плавлені","2021-10-01",230,"median",0.82
631,"сири розсольні","2021-10-01",235.652173913043,"median",-2.5
632,"крем-сир","2021-10-01",322.222222222222,"median",-12
633,"молоко пастеризоване жирністю до 2,6% включно","2021-10-01",33.9752631578947,"median",0.048
634,"молоко з підвищеним вмістом жиру","2021-10-01",35.2777777777778,"median",0
635,"сири м’які нежирні","2021-10-01",144.857142857143,"median",0.63
636,"сири м’які жирні","2021-10-01",159.366666666667,"median",1.9
637,"сирки та сиркова маса","2021-10-01",159.777777777778,"median",8
638,"сметана жирністю до 15% включно","2021-10-01",84.6376811594203,"median",-0.43
639,"сметана з підвищеним вмістом жиру","2021-10-01",103.475,"median",-0.49
640,"йогурт","2021-10-01",74.1481481481481,"median",-1.2
641,"морозиво","2021-10-01",221.307692307692,"median",11
642,"кефір 2.5%","2021-10-01",36.82,"median",0.57
643,"масло вершкове 73%","2021-10-01",255,"median",-0.39
644,"масло вершкове 82%","2021-10-01",302.333333333333,"median",0.9
645,"маргарин","2021-10-01",87.16,"median",-1.8
646,"яйця","2021-10-01",45.4,"median",7.3
647,"філе куряче","2021-10-01",144.28,"median",3.1
648,"свинина","2021-10-01",166.95,"median",0.6
649,"свинина ребра","2021-10-01",118.45,"median",-8.8
650,"свинина гуляш","2021-10-01",109.95,"median",0
651,"субпродукти яловичні","2021-10-01",35.95,"median",-30
652,"свинина фарш","2021-10-01",110.95,"median",0
653,"субпродукти свинячі","2021-10-01",37.95,"median",-7.3
654,"яловичина","2021-10-01",232.95,"median",0
655,"яловичина фарш","2021-10-01",168.95,"median",-2
656,"яловичина ребра","2021-10-01",136.95,"median",0
657,"вирізка свиняча","2021-10-01",172.95,"median",0.29
658,"сало","2021-10-01",177.133333333333,"median",36
659,"риба червона","2021-10-01",379.9,"median",-7.3
660,"риба річна","2021-10-01",129.9,"median",0
661,"сосиски, сардельки вищого ґатунку","2021-10-01",189.689655172414,"median",-0.0055
662,"сосиски, сардельки першого ґатунку","2021-10-01",129.61,"median",5.4
663,"ковбаси сирокопчені в/ґ","2021-10-01",444.875,"median",-1.5
664,"ковбаси варені вищого ґатунку","2021-10-01",190.0125,"median",-1.9
665,"ковбаси варено-копчені в/ґ","2021-10-01",296.4,"median",9.1
666,"ковбаси варені першого ґатунку","2021-10-01",130.94,"median",1.9
667,"вироби з м’яса делікатесні","2021-10-01",323.14,"median",1.2
668,"оселедці","2021-10-01",171.55,"median",2.4
669,"скумбрія копчена","2021-10-01",254.82,"median",9.8
670,"морепродукти","2021-10-01",278.235294117647,"median",-3.6
671,"ікра червона","2021-10-01",1673.75,"median",0
672,"риба морожена","2021-10-01",90.09,"median",-5.1
673,"філе мороженої риби","2021-10-01",166.5,"median",2.1
674,"броколі заморожена","2021-10-01",115,"median",16
675,"сіль","2021-10-01",52.52,"median",-7.7
676,"мед","2021-10-01",196.824786324786,"median",7.1
677,"крупи гречані","2021-10-01",67.5,"median",-2.3
678,"рис","2021-10-01",78.66,"median",-4.8
679,"крупи манні","2021-10-01",20.9,"median",-1.9
680,"пластівці вівсяні","2021-10-01",49.8,"median",17
681,"пшоно","2021-10-01",21.22,"median",4
682,"квасоля","2021-10-01",90.35,"median",0
683,"крупи ячні","2021-10-01",19.64375,"median",-2.1
684,"макарони","2021-10-01",60.145,"median",-1.2
685,"борошно пшеничне","2021-10-01",19.82,"median",0
686,"цукор","2021-10-01",39.125,"median",0
687,"ром","2021-10-01",557,"median",-2.5
688,"супи","2021-10-01",347.058823529412,"median",20
689,"пиво","2021-10-01",52,"median",0.54
690,"горілка","2021-10-01",210.18,"median",-8.9
691,"вино червоне сухе","2021-10-01",232,"median",1.6
692,"вино біле сухе","2021-10-01",226.533333333333,"median",3.5
693,"віскі","2021-10-01",825.871428571429,"median",8.8
694,"коньяк","2021-10-01",370.98,"median",-5
695,"майонез","2021-10-01",88,"median",-0.88
696,"паста томатна","2021-10-01",67.8979591836735,"median",0.22
697,"кетчуп томатний","2021-10-01",55.48,"median",-1.4
698,"олія соняшникова","2021-10-01",71.8,"median",-1.4
699,"олія оливкова","2021-10-01",429.66,"median",-1.3
700,"консерви рибні в олії","2021-10-01",284.166666666667,"median",1.4
701,"кукурудза консервована","2021-10-01",103.235294117647,"median",11
702,"горошок консервований","2021-10-01",77.2745098039216,"median",3.4
703,"гриби консервовані","2021-10-01",146.7,"median",-11
704,"карамель","2021-10-01",93.87,"median",2
705,"зефір","2021-10-01",140.466666666667,"median",0
706,"цукерки шоколадні","2021-10-01",542.56,"median",7.6
707,"печиво здобне","2021-10-01",125.75,"median",0.28
708,"вафлі","2021-10-01",137.75,"median",1.5
709,"печиво затяжне","2021-10-01",80.2166666666667,"median",0
710,"сік апельсиновий","2021-10-01",47.2,"median",-5.4
711,"сік яблучний","2021-10-01",36,"median",7.1
712,"шампанське","2021-10-01",180,"median",-61
713,"кава мелена","2021-10-01",371.555555555556,"median",5
714,"кава розчинна","2021-10-01",1089.52631578947,"median",7.9
715,"чай у пакетиках","2021-10-01",756,"median",1.6
716,"солодка вода","2021-10-01",24.1,"median",10
717,"сигарети з фільтром медіум класу","2021-10-01",61.5,"median",0.41
718,"сигарети з фільтром преміум класу","2021-10-01",63.5,"median",1.6
719,"молочні суміші для дитячого харчування","2021-10-01",717.125,"median",0
720,"кабачки","2021-10-01",29.9,"median",77
721,"огірки","2021-10-01",40.7,"median",86
722,"вирізка яловича","2021-10-01",549.1,"median",0
723,"батон","2021-11-01",45.7825,"Q1",17
724,"хліб цільнозерновий","2021-11-01",56.1666666666667,"Q1",10
725,"хліб житньо-пшеничний","2021-11-01",46.075,"Q1",-3.4
726,"хліб пшеничний","2021-11-01",34.4166666666667,"Q1",-1.9
727,"торти","2021-11-01",175,"Q1",-18
728,"банани","2021-11-01",27.8,"Q1",1.6
729,"мандарини","2021-11-01",38.5,"Q1",3.9
730,"авокадо","2021-11-01",58,"Q1",150
731,"виноград","2021-11-01",46.9,"Q1",-0.74
732,"апельсини","2021-11-01",42.9,"Q1",-3.6
733,"яблука","2021-11-01",16.35,"Q1",-2.7
734,"ківі","2021-11-01",44.55,"Q1",-40
735,"лимони","2021-11-01",24.9,"Q1",-28
736,"ягоди","2021-11-01",145.75,"Q1",-57
737,"кавуни","2021-11-01",8.9,"Q1",44
738,"цибуля ріпчаста","2021-11-01",16.9,"Q1",22
739,"морква","2021-11-01",15.975,"Q1",110
740,"перець солодкий","2021-11-01",39.15,"Q1",57
741,"буряк","2021-11-01",8.9,"Q1",13
742,"капуста білокачанна","2021-11-01",7.925,"Q1",31
743,"кабачки","2021-11-01",54.9,"Q1",140
744,"картопля","2021-11-01",12.8,"Q1",0.039
745,"баклажани","2021-11-01",49.5,"Q1",50
746,"часник","2021-11-01",64.65,"Q1",98
747,"помідори","2021-11-01",119.6,"Q1",-37
748,"огірки","2021-11-01",29.8833333333333,"Q1",-15
749,"гриби","2021-11-01",69.375,"Q1",-3.1
750,"салати","2021-11-01",153.428571428571,"Q1",1.1
751,"сухофрукти","2021-11-01",169.091666666667,"Q1",8.4
752,"цукати","2021-11-01",265.133333333333,"Q1",0
753,"сири розсольні","2021-11-01",196.725869565217,"Q1",10
754,"сири плавлені","2021-11-01",194,"Q1",-1
755,"крем-сир","2021-11-01",259.846153846154,"Q1",3.4
756,"молоко пастеризоване жирністю до 2,6% включно","2021-11-01",31.6675,"Q1",9.1
757,"молоко з підвищеним вмістом жиру","2021-11-01",32.87,"Q1",0
758,"сири м’які нежирні","2021-11-01",132.878787878788,"Q1",3.3
759,"сири м’які жирні","2021-11-01",139.511904761905,"Q1",2.3
760,"сирки та сиркова маса","2021-11-01",136.675,"Q1",-5.3
761,"сметана жирністю до 15% включно","2021-11-01",74.9889758179232,"Q1",-3.2
762,"сметана з підвищеним вмістом жиру","2021-11-01",93.6,"Q1",-1.3
763,"йогурт","2021-11-01",62.6086956521739,"Q1",8.1
764,"морозиво","2021-11-01",181.142857142857,"Q1",5.3
765,"кефір 2.5%","2021-11-01",33.3561403508772,"Q1",-3
766,"масло вершкове 82%","2021-11-01",279.95,"Q1",1.1
767,"масло вершкове 73%","2021-11-01",236.277777777778,"Q1",-1.3
768,"маргарин","2021-11-01",83.2,"Q1",-0.48
769,"яйця","2021-11-01",34.45,"Q1",-4.5
770,"філе куряче","2021-11-01",129.9,"Q1",2.5
771,"свинина","2021-11-01",118.7375,"Q1",-2.6
772,"свинина гуляш","2021-11-01",105.95,"Q1",-3.6
773,"яловичина фарш","2021-11-01",160.68,"Q1",3
774,"свинина ребра","2021-11-01",121.45,"Q1",14
775,"субпродукти яловичні","2021-11-01",35.95,"Q1",9.1
776,"вирізка свиняча","2021-11-01",172.45,"Q1",-0.29
777,"свинина фарш","2021-11-01",104.925,"Q1",-4.1
778,"яловичина","2021-11-01",232.95,"Q1",6.9
779,"субпродукти свинячі","2021-11-01",37.84,"Q1",-0.18
780,"яловичина ребра","2021-11-01",136.95,"Q1",0
781,"сало","2021-11-01",116.36,"Q1",-30
782,"вирізка яловича","2021-11-01",425.95,"Q1",-11
783,"риба червона","2021-11-01",369,"Q1",12
784,"риба річна","2021-11-01",69,"Q1",-37
785,"сосиски, сардельки вищого ґатунку","2021-11-01",178.0825,"Q1",2.3
786,"сосиски, сардельки першого ґатунку","2021-11-01",114.985,"Q1",10
787,"ковбаси сирокопчені в/ґ","2021-11-01",394.4025,"Q1",5.1
788,"ковбаси варені вищого ґатунку","2021-11-01",161.06,"Q1",-2.5
789,"ковбаси варено-копчені в/ґ","2021-11-01",221.94,"Q1",-3.5
790,"ковбаси варені першого ґатунку","2021-11-01",106.83,"Q1",0
791,"вироби з м’яса делікатесні","2021-11-01",253.29,"Q1",0.16
792,"оселедці","2021-11-01",143.229166666667,"Q1",-4.2
793,"скумбрія копчена","2021-11-01",207.8,"Q1",-10
794,"морепродукти","2021-11-01",182.875,"Q1",-7.2
795,"ікра червона","2021-11-01",1362.5,"Q1",17
796,"вино червоне сухе","2021-11-01",158.666666666667,"Q1",8.2
797,"вино біле сухе","2021-11-01",151.5,"Q1",-0.46
798,"сіль","2021-11-01",27.8571428571429,"Q1",-0.93
799,"пиво","2021-11-01",42.52,"Q1",14
800,"мед","2021-11-01",159.72,"Q1",-6.3
801,"крупи гречані","2021-11-01",50.0175,"Q1",-0.36
802,"рис","2021-11-01",49.535,"Q1",22
803,"пластівці вівсяні","2021-11-01",34.25,"Q1",-0.95
804,"крупи манні","2021-11-01",19.15,"Q1",-0.39
805,"пшоно","2021-11-01",20.41,"Q1",2.3
806,"квасоля","2021-11-01",88.4125,"Q1",-1.8
807,"крупи ячні","2021-11-01",17.818125,"Q1",0
808,"макарони","2021-11-01",48.275,"Q1",0
809,"борошно пшеничне","2021-11-01",17.1,"Q1",11
810,"цукор","2021-11-01",27.2,"Q1",-2.8
811,"ром","2021-11-01",402.726428571429,"Q1",-0.0034
812,"коньяк","2021-11-01",306.52,"Q1",0.89
813,"супи","2021-11-01",206.731818181818,"Q1",4.1
814,"віскі","2021-11-01",507.092857142857,"Q1",-11
815,"шампанське","2021-11-01",146.533333333333,"Q1",0.41
816,"горілка","2021-11-01",184,"Q1",2.2
817,"майонез","2021-11-01",71.6666666666667,"Q1",-4.4
818,"паста томатна","2021-11-01",53.6544072164948,"Q1",-18
819,"кетчуп томатний","2021-11-01",44.75,"Q1",-3.4
820,"олія соняшникова","2021-11-01",63,"Q1",-7
821,"олія оливкова","2021-11-01",328.06,"Q1",-3.7
822,"консерви рибні в олії","2021-11-01",214.666666666667,"Q1",-7.7
823,"кукурудза консервована","2021-11-01",82.3474264705882,"Q1",-6
824,"горошок консервований","2021-11-01",58.7764705882353,"Q1",-11
825,"гриби консервовані","2021-11-01",117.534246575342,"Q1",7.2
826,"карамель","2021-11-01",75.67,"Q1",6.1
827,"зефір","2021-11-01",106.25,"Q1",-6.5
828,"цукерки шоколадні","2021-11-01",332.529411764706,"Q1",-10
829,"вафлі","2021-11-01",121.759259259259,"Q1",-0.29
830,"печиво здобне","2021-11-01",104.828571428571,"Q1",0
831,"печиво затяжне","2021-11-01",74.99,"Q1",14
832,"сік апельсиновий","2021-11-01",38.8,"Q1",12
833,"сік яблучний","2021-11-01",24.1052631578947,"Q1",-6.9
834,"кава мелена","2021-11-01",279.8,"Q1",-3.7
835,"кава розчинна","2021-11-01",844.333333333333,"Q1",0.97
836,"чай у пакетиках","2021-11-01",568.8,"Q1",0
837,"солодка вода","2021-11-01",14.4,"Q1",3.6
838,"сигарети з фільтром медіум класу","2021-11-01",59,"Q1",-0.63
839,"сигарети з фільтром преміум класу","2021-11-01",63.5,"Q1",1.6
840,"батон","2021-11-01",48.8777777777778,"median",7.5
841,"хліб цільнозерновий","2021-11-01",67.0454545454545,"median",7.3
842,"хліб житньо-пшеничний","2021-11-01",75.925,"median",17
843,"хліб пшеничний","2021-11-01",46.32,"median",0.7
844,"торти","2021-11-01",231.48,"median",-18
845,"банани","2021-11-01",27.8,"median",0.54
846,"мандарини","2021-11-01",43.5,"median",-20
847,"авокадо","2021-11-01",79.7,"median",100
848,"виноград","2021-11-01",62.5,"median",12
849,"апельсини","2021-11-01",54.5,"median",0
850,"яблука","2021-11-01",19.5,"median",-1.6
851,"ківі","2021-11-01",59.5,"median",-31
852,"лимони","2021-11-01",58.7,"median",-21
853,"ягоди","2021-11-01",263.1,"median",-26
854,"кавуни","2021-11-01",9.9,"median",25
855,"цибуля ріпчаста","2021-11-01",21.9,"median",38
856,"морква","2021-11-01",19.4,"median",40
857,"перець солодкий","2021-11-01",63.45,"median",55
858,"буряк","2021-11-01",33,"median",130
859,"капуста білокачанна","2021-11-01",8.2,"median",25
860,"кабачки","2021-11-01",59.9,"median",100
861,"картопля","2021-11-01",19.6133333333333,"median",19
862,"баклажани","2021-11-01",49.9,"median",37
863,"часник","2021-11-01",84.45,"median",6.3
864,"помідори","2021-11-01",163.6,"median",-17
865,"огірки","2021-11-01",51.2,"median",26
866,"гриби","2021-11-01",78.8,"median",-3.9
867,"салати","2021-11-01",247.5,"median",8.5
868,"сухофрукти","2021-11-01",274.266666666667,"median",4.5
869,"цукати","2021-11-01",311.28,"median",0
870,"сири розсольні","2021-11-01",244.8,"median",3.9
871,"сири плавлені","2021-11-01",228.444444444444,"median",-0.68
872,"крем-сир","2021-11-01",286,"median",-11
873,"молоко пастеризоване жирністю до 2,6% включно","2021-11-01",36.1222222222222,"median",6.3
874,"молоко з підвищеним вмістом жиру","2021-11-01",37.1111111111111,"median",5.2
875,"сири м’які нежирні","2021-11-01",146.65,"median",1.2
876,"сири м’які жирні","2021-11-01",154.358974358974,"median",-3.1
877,"сирки та сиркова маса","2021-11-01",153.785714285714,"median",-3.8
878,"сметана жирністю до 15% включно","2021-11-01",91.5,"median",8.1
879,"сметана з підвищеним вмістом жиру","2021-11-01",103.257142857143,"median",-0.21
880,"йогурт","2021-11-01",NA,"median",NA
881,"морозиво","2021-11-01",247.666666666667,"median",12
882,"кефір 2.5%","2021-11-01",36.875,"median",0.15
883,"масло вершкове 82%","2021-11-01",312.777777777778,"median",3.5
884,"масло вершкове 73%","2021-11-01",257,"median",0.78
885,"маргарин","2021-11-01",86.6666666666667,"median",-0.57
886,"яйця","2021-11-01",44.05,"median",-3
887,"філе куряче","2021-11-01",145.9,"median",1.1
888,"свинина","2021-11-01",160.95,"median",-3.6
889,"свинина гуляш","2021-11-01",105.95,"median",-3.6
890,"яловичина фарш","2021-11-01",168.95,"median",0
891,"свинина ребра","2021-11-01",129.95,"median",9.7
892,"субпродукти яловичні","2021-11-01",47.09,"median",31
893,"вирізка свиняча","2021-11-01",177.925,"median",2.9
894,"свинина фарш","2021-11-01",110.95,"median",0
895,"яловичина","2021-11-01",356.08,"median",53
896,"субпродукти свинячі","2021-11-01",37.95,"median",0
897,"яловичина ребра","2021-11-01",136.95,"median",0
898,"сало","2021-11-01",163.105,"median",-7.9
899,"вирізка яловича","2021-11-01",519.23,"median",-5.4
900,"риба червона","2021-11-01",450,"median",18
901,"риба річна","2021-11-01",118,"median",-9.2
902,"сосиски, сардельки вищого ґатунку","2021-11-01",200.385964912281,"median",5.6
903,"сосиски, сардельки першого ґатунку","2021-11-01",142.09,"median",9.6
904,"ковбаси сирокопчені в/ґ","2021-11-01",469.09,"median",5.4
905,"ковбаси варені вищого ґатунку","2021-11-01",191.19,"median",0.62
906,"ковбаси варено-копчені в/ґ","2021-11-01",285.75,"median",-3.6
907,"ковбаси варені першого ґатунку","2021-11-01",130.94,"median",0
908,"вироби з м’яса делікатесні","2021-11-01",333.06,"median",3.1
909,"оселедці","2021-11-01",170.944444444444,"median",-0.35
910,"скумбрія копчена","2021-11-01",237.02,"median",-7
911,"морепродукти","2021-11-01",258,"median",-7.3
912,"ікра червона","2021-11-01",2066.5,"median",23
913,"вино червоне сухе","2021-11-01",225.333333333333,"median",-2.9
914,"вино біле сухе","2021-11-01",223.4,"median",-1.4
915,"сіль","2021-11-01",52.52,"median",0
916,"пиво","2021-11-01",57.7464788732394,"median",11
917,"мед","2021-11-01",183.6,"median",-6.7
918,"крупи гречані","2021-11-01",72.52,"median",7.4
919,"рис","2021-11-01",82.625,"median",5
920,"пластівці вівсяні","2021-11-01",48.3,"median",-3
921,"крупи манні","2021-11-01",20.7875,"median",-0.54
922,"пшоно","2021-11-01",23.44,"median",10
923,"квасоля","2021-11-01",90.35,"median",0
924,"крупи ячні","2021-11-01",19.1875,"median",-2.3
925,"макарони","2021-11-01",58.72,"median",-2.4
926,"борошно пшеничне","2021-11-01",20.7,"median",4.4
927,"цукор","2021-11-01",39.125,"median",0
928,"ром","2021-11-01",597.407142857143,"median",7.3
929,"коньяк","2021-11-01",398,"median",7.3
930,"супи","2021-11-01",347.058823529412,"median",0
931,"віскі","2021-11-01",807.414285714286,"median",-2.2
932,"шампанське","2021-11-01",292,"median",62
933,"горілка","2021-11-01",210,"median",-0.086
934,"майонез","2021-11-01",88.4666666666667,"median",0.53
935,"паста томатна","2021-11-01",67.0468056787933,"median",-1.3
936,"кетчуп томатний","2021-11-01",56.76,"median",2.3
937,"олія соняшникова","2021-11-01",69.5,"median",-3.2
938,"олія оливкова","2021-11-01",417.16,"median",-2.9
939,"консерви рибні в олії","2021-11-01",287,"median",1
940,"кукурудза консервована","2021-11-01",103.808823529412,"median",0.56
941,"горошок консервований","2021-11-01",72.1428571428572,"median",-6.6
942,"гриби консервовані","2021-11-01",144.224137931035,"median",-1.7
943,"карамель","2021-11-01",122,"median",30
944,"зефір","2021-11-01",140.466666666667,"median",0
945,"цукерки шоколадні","2021-11-01",470.25,"median",-13
946,"вафлі","2021-11-01",137.75,"median",0
947,"печиво здобне","2021-11-01",127,"median",0.99
948,"печиво затяжне","2021-11-01",85.989898989899,"median",7.2
949,"сік апельсиновий","2021-11-01",74.1,"median",57
950,"сік яблучний","2021-11-01",35.98,"median",-0.056
951,"кава мелена","2021-11-01",376.8,"median",1.4
952,"кава розчинна","2021-11-01",1116,"median",2.4
953,"чай у пакетиках","2021-11-01",717.6,"median",-5.1
954,"солодка вода","2021-11-01",24.76,"median",2.7
955,"сигарети з фільтром медіум класу","2021-11-01",61.25,"median",-0.41
956,"сигарети з фільтром преміум класу","2021-11-01",63.5,"median",0
NA,"рис","2021-10-01",49.535,"Q1",NA
NA,"хліб пшеничний з борошна вищого ґатунку","2021-10-01",NA,"Q1",NA
NA,"хліб пшеничний з борошна першого ґатунку","2021-10-01",NA,"Q1",NA
NA,"хліб житній, житньо-пшеничний","2021-10-01",NA,"Q1",NA
NA,"хліб заварний","2021-10-01",NA,"Q1",NA
NA,"батон ","2021-10-01",NA,"Q1",NA
NA,"багет ","2021-10-01",NA,"Q1",NA
NA,"макаронні вироби з твердих сортів пшениці","2021-10-01",NA,"Q1",NA
NA,"макаронні вироби з м’яких сортів пшениці","2021-10-01",NA,"Q1",NA
NA,"пельмені  ","2021-10-01",NA,"Q1",NA
NA,"здобні вироби","2021-10-01",NA,"Q1",NA
NA,"вафлі","2021-10-01",121.759259259259,"Q1",NA
NA,"печиво здобне","2021-10-01",104.828571428571,"Q1",NA
NA,"печиво сухе","2021-10-01",NA,"Q1",NA
NA,"торти","2021-10-01",175,"Q1",NA
NA,"борошно пшеничне","2021-10-01",17.1,"Q1",NA
NA,"крупи манні","2021-10-01",19.15,"Q1",NA
NA,"крупи гречані","2021-10-01",50.0175,"Q1",NA
NA,"пластівці вівсяні","2021-10-01",34.25,"Q1",NA
NA,"крупи ячні ","2021-10-01",NA,"Q1",NA
NA,"пшоно","2021-10-01",20.41,"Q1",NA
NA,"яловичина","2021-10-01",232.95,"Q1",NA
NA,"вирізка яловича","2021-10-01",425.95,"Q1",NA
NA,"натуральні напівфабрикати з яловичини","2021-10-01",NA,"Q1",NA
NA,"свинина","2021-10-01",118.7375,"Q1",NA
NA,"вирізка свиняча","2021-10-01",172.45,"Q1",NA
NA,"натуральні напівфабрикати зі свинини","2021-10-01",NA,"Q1",NA
NA,"птиця (тушки курячі)","2021-10-01",NA,"Q1",NA
NA,"окремі порційні частини курячі","2021-10-01",NA,"Q1",NA
NA,"філе куряче","2021-10-01",129.9,"Q1",NA
NA,"ковбаси варені вищого ґатунку","2021-10-01",161.06,"Q1",NA
NA,"ковбаси варені першого ґатунку","2021-10-01",106.83,"Q1",NA
NA,"сосиски, сардельки вищого ґатунку","2021-10-01",178.0825,"Q1",NA
NA,"сосиски, сардельки першого ґатунку","2021-10-01",114.985,"Q1",NA
NA,"ковбаси варено-копчені","2021-10-01",NA,"Q1",NA
NA,"ковбаси сирокопчені ","2021-10-01",NA,"Q1",NA
NA,"вироби з м’яса варено-копчені ","2021-10-01",NA,"Q1",NA
NA,"вироби з м’яса делікатесні","2021-10-01",253.29,"Q1",NA
NA,"субпродукти яловичі","2021-10-01",NA,"Q1",NA
NA,"субпродукти свинячі","2021-10-01",37.84,"Q1",NA
NA,"субпродукти курячі","2021-10-01",NA,"Q1",NA
NA,"фарш м’ясний","2021-10-01",NA,"Q1",NA
NA,"фарш курячий","2021-10-01",NA,"Q1",NA
NA,"вироби з м’яса кулінарні","2021-10-01",NA,"Q1",NA
NA,"риба жива, охолоджена ","2021-10-01",NA,"Q1",NA
NA,"риба морожена","2021-10-01",NA,"Q1",NA
NA,"філе мороженої риби","2021-10-01",NA,"Q1",NA
NA,"морепродукти ","2021-10-01",NA,"Q1",NA
NA,"кілька солона ","2021-10-01",NA,"Q1",NA
NA,"скумбрія копчена","2021-10-01",207.8,"Q1",NA
NA,"оселедці","2021-10-01",143.229166666667,"Q1",NA
NA,"консерви рибні в олії","2021-10-01",214.666666666667,"Q1",NA
NA,"крабові палички","2021-10-01",NA,"Q1",NA
NA,"молоко пастеризоване жирністю до 2,6% включно","2021-10-01",31.6675,"Q1",NA
NA,"молоко з підвищеним вмістом жиру ","2021-10-01",NA,"Q1",NA
NA,"кефір","2021-10-01",NA,"Q1",NA
NA,"йогурт","2021-10-01",62.6086956521739,"Q1",NA
NA,"сири тверді типу едам","2021-10-01",NA,"Q1",NA
NA,"сири тверді типу емменталь","2021-10-01",NA,"Q1",NA
NA,"сири розсольні","2021-10-01",196.725869565217,"Q1",NA
NA,"сири плавлені","2021-10-01",194,"Q1",NA
NA,"сири м’які нежирні ","2021-10-01",NA,"Q1",NA
NA,"сири м’які жирні","2021-10-01",139.511904761905,"Q1",NA
NA,"сирки та сиркова маса","2021-10-01",136.675,"Q1",NA
NA,"сметана жирністю до 15% включно","2021-10-01",74.9889758179232,"Q1",NA
NA,"сметана з підвищеним вмістом жиру","2021-10-01",93.6,"Q1",NA
NA,"яйця ","2021-10-01",NA,"Q1",NA
NA,"масло вершкове","2021-10-01",NA,"Q1",NA
NA,"спреди","2021-10-01",NA,"Q1",NA
NA,"маргарин","2021-10-01",83.2,"Q1",NA
NA,"олія оливкова","2021-10-01",328.06,"Q1",NA
NA,"олія соняшникова","2021-10-01",63,"Q1",NA
NA,"сало","2021-10-01",116.36,"Q1",NA
NA,"лимони","2021-10-01",24.9,"Q1",NA
NA,"апельсини","2021-10-01",42.9,"Q1",NA
NA,"банани","2021-10-01",27.8,"Q1",NA
NA,"яблука","2021-10-01",16.35,"Q1",NA
NA,"кісточкові ","2021-10-01",NA,"Q1",NA
NA,"ягоди","2021-10-01",145.75,"Q1",NA
NA,"виноград","2021-10-01",46.9,"Q1",NA
NA,"кавуни","2021-10-01",8.9,"Q1",NA
NA,"ківі","2021-10-01",44.55,"Q1",NA
NA,"сухофрукти","2021-10-01",169.091666666667,"Q1",NA
NA,"салати","2021-10-01",153.428571428571,"Q1",NA
NA,"капуста білокачанна","2021-10-01",7.925,"Q1",NA
NA,"огірки","2021-10-01",29.8833333333333,"Q1",NA
NA,"помідори","2021-10-01",119.6,"Q1",NA
NA,"кабачки","2021-10-01",54.9,"Q1",NA
NA,"баклажани","2021-10-01",49.5,"Q1",NA
NA,"перець солодкий","2021-10-01",39.15,"Q1",NA
NA,"цибуля ріпчаста","2021-10-01",16.9,"Q1",NA
NA,"буряк","2021-10-01",8.9,"Q1",NA
NA,"морква","2021-10-01",15.975,"Q1",NA
NA,"гриби","2021-10-01",69.375,"Q1",NA
NA,"бобові ","2021-10-01",NA,"Q1",NA
NA,"овочі консервовані","2021-10-01",NA,"Q1",NA
NA,"гриби консервовані","2021-10-01",117.534246575342,"Q1",NA
NA,"паста томатна","2021-10-01",53.6544072164948,"Q1",NA
NA,"картопля","2021-10-01",12.8,"Q1",NA
NA,"цукор","2021-10-01",27.2,"Q1",NA
NA,"мед ","2021-10-01",NA,"Q1",NA
NA,"шоколад","2021-10-01",NA,"Q1",NA
NA,"цукерки шоколадні","2021-10-01",332.529411764706,"Q1",NA
NA,"карамель","2021-10-01",75.67,"Q1",NA
NA,"зефір","2021-10-01",106.25,"Q1",NA
NA,"морозиво ","2021-10-01",NA,"Q1",NA
NA,"кетчуп томатний","2021-10-01",44.75,"Q1",NA
NA,"майонез","2021-10-01",71.6666666666667,"Q1",NA
NA,"сіль","2021-10-01",27.8571428571429,"Q1",NA
NA,"часник","2021-10-01",64.65,"Q1",NA
NA,"спеції","2021-10-01",NA,"Q1",NA
NA,"супи","2021-10-01",206.731818181818,"Q1",NA
NA,"молочні суміші для дитячого харчування","2021-10-01",NA,"Q1",NA
NA,"кава мелена","2021-10-01",279.8,"Q1",NA
NA,"кава розчинна","2021-10-01",844.333333333333,"Q1",NA
NA,"чай","2021-10-01",NA,"Q1",NA
NA,"вода столово-мінеральна","2021-10-01",NA,"Q1",NA
NA,"вода питна ","2021-10-01",NA,"Q1",NA
NA,"напої безалкогольні","2021-10-01",NA,"Q1",NA
NA,"соки фруктово-ягідні","2021-10-01",NA,"Q1",NA
NA,"горілка","2021-10-01",184,"Q1",NA
NA,"горілка преміум класу","2021-10-01",NA,"Q1",NA
NA,"коньяк ","2021-10-01",NA,"Q1",NA
NA,"вина столові вітчизняні","2021-10-01",NA,"Q1",NA
NA,"вина столові імпортні","2021-10-01",NA,"Q1",NA
NA,"вина ігристі","2021-10-01",NA,"Q1",NA
NA,"пиво вітчизняних марок","2021-10-01",NA,"Q1",NA
NA,"пиво, виготовлене за ліцензією ","2021-10-01",NA,"Q1",NA
NA,"сигарети з фільтром вітчизняних марок","2021-10-01",NA,"Q1",NA
NA,"сигарети з фільтром медіум класу","2021-10-01",59,"Q1",NA
NA,"сигарети з фільтром преміум класу","2021-10-01",63.5,"Q1",NA
NA,"сигарети без фільтру","2021-10-01",NA,"Q1",NA
NA,"рис","2020-10-01",44.0311111111111,"Q1",NA
NA,"хліб пшеничний з борошна вищого ґатунку","2020-10-01",NA,"Q1",NA
NA,"хліб пшеничний з борошна першого ґатунку","2020-10-01",NA,"Q1",NA
NA,"хліб житній, житньо-пшеничний","2020-10-01",NA,"Q1",NA
NA,"хліб заварний","2020-10-01",NA,"Q1",NA
NA,"батон ","2020-10-01",NA,"Q1",NA
NA,"багет ","2020-10-01",NA,"Q1",NA
NA,"макаронні вироби з твердих сортів пшениці","2020-10-01",NA,"Q1",NA
NA,"макаронні вироби з м’яких сортів пшениці","2020-10-01",NA,"Q1",NA
NA,"пельмені  ","2020-10-01",NA,"Q1",NA
NA,"здобні вироби","2020-10-01",NA,"Q1",NA
NA,"вафлі","2020-10-01",99.8026715239828,"Q1",NA
NA,"печиво здобне","2020-10-01",87.5029811590743,"Q1",NA
NA,"печиво сухе","2020-10-01",NA,"Q1",NA
NA,"торти","2020-10-01",153.105861767279,"Q1",NA
NA,"борошно пшеничне","2020-10-01",14.0394088669951,"Q1",NA
NA,"крупи манні","2020-10-01",16.1467116357504,"Q1",NA
NA,"крупи гречані","2020-10-01",43.1930051813471,"Q1",NA
NA,"пластівці вівсяні","2020-10-01",33.3820662768031,"Q1",NA
NA,"крупи ячні ","2020-10-01",NA,"Q1",NA
NA,"пшоно","2020-10-01",20.6788247213779,"Q1",NA
NA,"яловичина","2020-10-01",194.937238493724,"Q1",NA
NA,"вирізка яловича","2020-10-01",361.894647408666,"Q1",NA
NA,"натуральні напівфабрикати з яловичини","2020-10-01",NA,"Q1",NA
NA,"свинина","2020-10-01",115.055717054264,"Q1",NA
NA,"вирізка свиняча","2020-10-01",164.551526717557,"Q1",NA
NA,"натуральні напівфабрикати зі свинини","2020-10-01",NA,"Q1",NA
NA,"птиця (тушки курячі)","2020-10-01",NA,"Q1",NA
NA,"окремі порційні частини курячі","2020-10-01",NA,"Q1",NA
NA,"філе куряче","2020-10-01",101.326053042122,"Q1",NA
NA,"ковбаси варені вищого ґатунку","2020-10-01",147.086757990868,"Q1",NA
NA,"ковбаси варені першого ґатунку","2020-10-01",95.9838274932615,"Q1",NA
NA,"сосиски, сардельки вищого ґатунку","2020-10-01",165.658139534884,"Q1",NA
NA,"сосиски, сардельки першого ґатунку","2020-10-01",105.684742647059,"Q1",NA
NA,"ковбаси варено-копчені","2020-10-01",NA,"Q1",NA
NA,"ковбаси сирокопчені ","2020-10-01",NA,"Q1",NA
NA,"вироби з м’яса варено-копчені ","2020-10-01",NA,"Q1",NA
NA,"вироби з м’яса делікатесні","2020-10-01",238.952830188679,"Q1",NA
NA,"субпродукти яловичі","2020-10-01",NA,"Q1",NA
NA,"субпродукти свинячі","2020-10-01",31.2469033856317,"Q1",NA
NA,"субпродукти курячі","2020-10-01",NA,"Q1",NA
NA,"фарш м’ясний","2020-10-01",NA,"Q1",NA
NA,"фарш курячий","2020-10-01",NA,"Q1",NA
NA,"вироби з м’яса кулінарні","2020-10-01",NA,"Q1",NA
NA,"риба жива, охолоджена ","2020-10-01",NA,"Q1",NA
NA,"риба морожена","2020-10-01",NA,"Q1",NA
NA,"філе мороженої риби","2020-10-01",NA,"Q1",NA
NA,"морепродукти ","2020-10-01",NA,"Q1",NA
NA,"кілька солона ","2020-10-01",NA,"Q1",NA
NA,"скумбрія копчена","2020-10-01",189.080982711556,"Q1",NA
NA,"оселедці","2020-10-01",117.981191652938,"Q1",NA
NA,"консерви рибні в олії","2020-10-01",203.282828282829,"Q1",NA
NA,"крабові палички","2020-10-01",NA,"Q1",NA
NA,"молоко пастеризоване жирністю до 2,6% включно","2020-10-01",28.736388384755,"Q1",NA
NA,"молоко з підвищеним вмістом жиру ","2020-10-01",NA,"Q1",NA
NA,"кефір","2020-10-01",NA,"Q1",NA
NA,"йогурт","2020-10-01",56.6594530788904,"Q1",NA
NA,"сири тверді типу едам","2020-10-01",NA,"Q1",NA
NA,"сири тверді типу емменталь","2020-10-01",NA,"Q1",NA
NA,"сири розсольні","2020-10-01",182.153582930756,"Q1",NA
NA,"сири плавлені","2020-10-01",184.060721062619,"Q1",NA
NA,"сири м’які нежирні ","2020-10-01",NA,"Q1",NA
NA,"сири м’які жирні","2020-10-01",129.297409417892,"Q1",NA
NA,"сирки та сиркова маса","2020-10-01",124.25,"Q1",NA
NA,"сметана жирністю до 15% включно","2020-10-01",66.7755795351053,"Q1",NA
NA,"сметана з підвищеним вмістом жиру","2020-10-01",84.3243243243243,"Q1",NA
NA,"яйця ","2020-10-01",NA,"Q1",NA
NA,"масло вершкове","2020-10-01",NA,"Q1",NA
NA,"спреди","2020-10-01",NA,"Q1",NA
NA,"маргарин","2020-10-01",66.8273092369478,"Q1",NA
NA,"олія оливкова","2020-10-01",310.07561436673,"Q1",NA
NA,"олія соняшникова","2020-10-01",40.0254129606099,"Q1",NA
NA,"сало","2020-10-01",102.339489885664,"Q1",NA
NA,"лимони","2020-10-01",24.9,"Q1",NA
NA,"апельсини","2020-10-01",52.3170731707317,"Q1",NA
NA,"банани","2020-10-01",22.6938775510204,"Q1",NA
NA,"яблука","2020-10-01",23.6613603473227,"Q1",NA
NA,"кісточкові ","2020-10-01",NA,"Q1",NA
NA,"ягоди","2020-10-01",134.828862164662,"Q1",NA
NA,"виноград","2020-10-01",53.5388127853881,"Q1",NA
NA,"кавуни","2020-10-01",12.1418826739427,"Q1",NA
NA,"ківі","2020-10-01",38.3061049011178,"Q1",NA
NA,"сухофрукти","2020-10-01",138.827312534209,"Q1",NA
NA,"салати","2020-10-01",141.800897808291,"Q1",NA
NA,"капуста білокачанна","2020-10-01",6.26482213438735,"Q1",NA
NA,"огірки","2020-10-01",19.6084864391951,"Q1",NA
NA,"помідори","2020-10-01",99.0886495443248,"Q1",NA
NA,"кабачки","2020-10-01",27.4774774774775,"Q1",NA
NA,"баклажани","2020-10-01",25.8620689655172,"Q1",NA
NA,"перець солодкий","2020-10-01",75.1439539347409,"Q1",NA
NA,"цибуля ріпчаста","2020-10-01",9.49438202247191,"Q1",NA
NA,"буряк","2020-10-01",5.57294927989981,"Q1",NA
NA,"морква","2020-10-01",12.4415887850467,"Q1",NA
NA,"гриби","2020-10-01",68.4171597633136,"Q1",NA
NA,"бобові ","2020-10-01",NA,"Q1",NA
NA,"овочі консервовані","2020-10-01",NA,"Q1",NA
NA,"гриби консервовані","2020-10-01",113.779522338182,"Q1",NA
NA,"паста томатна","2020-10-01",50.4745129035699,"Q1",NA
NA,"картопля","2020-10-01",13.6460554371002,"Q1",NA
NA,"цукор","2020-10-01",18.3412002697235,"Q1",NA
NA,"мед ","2020-10-01",NA,"Q1",NA
NA,"шоколад","2020-10-01",NA,"Q1",NA
NA,"цукерки шоколадні","2020-10-01",303.402747960498,"Q1",NA
NA,"карамель","2020-10-01",67.0239149689991,"Q1",NA
NA,"зефір","2020-10-01",88.7635756056809,"Q1",NA
NA,"морозиво ","2020-10-01",NA,"Q1",NA
NA,"кетчуп томатний","2020-10-01",42.6190476190476,"Q1",NA
NA,"майонез","2020-10-01",51.6702715693343,"Q1",NA
NA,"сіль","2020-10-01",26.530612244898,"Q1",NA
NA,"часник","2020-10-01",45.4961294862773,"Q1",NA
NA,"спеції","2020-10-01",NA,"Q1",NA
NA,"супи","2020-10-01",193.388043200952,"Q1",NA
NA,"молочні суміші для дитячого харчування","2020-10-01",NA,"Q1",NA
NA,"кава мелена","2020-10-01",268.007662835249,"Q1",NA
NA,"кава розчинна","2020-10-01",824.544270833333,"Q1",NA
NA,"чай","2020-10-01",NA,"Q1",NA
NA,"вода столово-мінеральна","2020-10-01",NA,"Q1",NA
NA,"вода питна ","2020-10-01",NA,"Q1",NA
NA,"напої безалкогольні","2020-10-01",NA,"Q1",NA
NA,"соки фруктово-ягідні","2020-10-01",NA,"Q1",NA
NA,"горілка","2020-10-01",181.102362204724,"Q1",NA
NA,"горілка преміум класу","2020-10-01",NA,"Q1",NA
NA,"коньяк ","2020-10-01",NA,"Q1",NA
NA,"вина столові вітчизняні","2020-10-01",NA,"Q1",NA
NA,"вина столові імпортні","2020-10-01",NA,"Q1",NA
NA,"вина ігристі","2020-10-01",NA,"Q1",NA
NA,"пиво вітчизняних марок","2020-10-01",NA,"Q1",NA
NA,"пиво, виготовлене за ліцензією ","2020-10-01",NA,"Q1",NA
NA,"сигарети з фільтром вітчизняних марок","2020-10-01",NA,"Q1",NA
NA,"сигарети з фільтром медіум класу","2020-10-01",50.3842869342442,"Q1",NA
NA,"сигарети з фільтром преміум класу","2020-10-01",54.8833189282627,"Q1",NA
NA,"сигарети без фільтру","2020-10-01",NA,"Q1",NA
NA,"рис","2019-10-01",43.0411643314869,"Q1",NA
NA,"хліб пшеничний з борошна вищого ґатунку","2019-10-01",NA,"Q1",NA
NA,"хліб пшеничний з борошна першого ґатунку","2019-10-01",NA,"Q1",NA
NA,"хліб житній, житньо-пшеничний","2019-10-01",NA,"Q1",NA
NA,"хліб заварний","2019-10-01",NA,"Q1",NA
NA,"батон ","2019-10-01",NA,"Q1",NA
NA,"багет ","2019-10-01",NA,"Q1",NA
NA,"макаронні вироби з твердих сортів пшениці","2019-10-01",NA,"Q1",NA
NA,"макаронні вироби з м’яких сортів пшениці","2019-10-01",NA,"Q1",NA
NA,"пельмені  ","2019-10-01",NA,"Q1",NA
NA,"здобні вироби","2019-10-01",NA,"Q1",NA
NA,"вафлі","2019-10-01",97.4635464101394,"Q1",NA
NA,"печиво здобне","2019-10-01",85.61935534156,"Q1",NA
NA,"печиво сухе","2019-10-01",NA,"Q1",NA
NA,"торти","2019-10-01",146.372716794722,"Q1",NA
NA,"борошно пшеничне","2019-10-01",13.6437403955249,"Q1",NA
NA,"крупи манні","2019-10-01",15.2040599206689,"Q1",NA
NA,"крупи гречані","2019-10-01",31.6432272390822,"Q1",NA
NA,"пластівці вівсяні","2019-10-01",31.1399871985104,"Q1",NA
NA,"крупи ячні ","2019-10-01",NA,"Q1",NA
NA,"пшоно","2019-10-01",31.0492863684353,"Q1",NA
NA,"яловичина","2019-10-01",181.505808653374,"Q1",NA
NA,"вирізка яловича","2019-10-01",342.70326459154,"Q1",NA
NA,"натуральні напівфабрикати з яловичини","2019-10-01",NA,"Q1",NA
NA,"свинина","2019-10-01",116.926541721813,"Q1",NA
NA,"вирізка свиняча","2019-10-01",165.878555158828,"Q1",NA
NA,"натуральні напівфабрикати зі свинини","2019-10-01",NA,"Q1",NA
NA,"птиця (тушки курячі)","2019-10-01",NA,"Q1",NA
NA,"окремі порційні частини курячі","2019-10-01",NA,"Q1",NA
NA,"філе куряче","2019-10-01",119.912488807245,"Q1",NA
NA,"ковбаси варені вищого ґатунку","2019-10-01",140.082626657969,"Q1",NA
NA,"ковбаси варені першого ґатунку","2019-10-01",92.2921418204437,"Q1",NA
NA,"сосиски, сардельки вищого ґатунку","2019-10-01",159.286672629696,"Q1",NA
NA,"сосиски, сардельки першого ґатунку","2019-10-01",100.74808641283,"Q1",NA
NA,"ковбаси варено-копчені","2019-10-01",NA,"Q1",NA
NA,"ковбаси сирокопчені ","2019-10-01",NA,"Q1",NA
NA,"вироби з м’яса варено-копчені ","2019-10-01",NA,"Q1",NA
NA,"вироби з м’яса делікатесні","2019-10-01",223.320402045495,"Q1",NA
NA,"субпродукти яловичі","2019-10-01",NA,"Q1",NA
NA,"субпродукти свинячі","2019-10-01",31.8196572155109,"Q1",NA
NA,"субпродукти курячі","2019-10-01",NA,"Q1",NA
NA,"фарш м’ясний","2019-10-01",NA,"Q1",NA
NA,"фарш курячий","2019-10-01",NA,"Q1",NA
NA,"вироби з м’яса кулінарні","2019-10-01",NA,"Q1",NA
NA,"риба жива, охолоджена ","2019-10-01",NA,"Q1",NA
NA,"риба морожена","2019-10-01",NA,"Q1",NA
NA,"філе мороженої риби","2019-10-01",NA,"Q1",NA
NA,"морепродукти ","2019-10-01",NA,"Q1",NA
NA,"кілька солона ","2019-10-01",NA,"Q1",NA
NA,"скумбрія копчена","2019-10-01",184.829895123711,"Q1",NA
NA,"оселедці","2019-10-01",118.574061962752,"Q1",NA
NA,"консерви рибні в олії","2019-10-01",190.518114604338,"Q1",NA
NA,"крабові палички","2019-10-01",NA,"Q1",NA
NA,"молоко пастеризоване жирністю до 2,6% включно","2019-10-01",28.1453363219931,"Q1",NA
NA,"молоко з підвищеним вмістом жиру ","2019-10-01",NA,"Q1",NA
NA,"кефір","2019-10-01",NA,"Q1",NA
NA,"йогурт","2019-10-01",56.0429802956384,"Q1",NA
NA,"сири тверді типу едам","2019-10-01",NA,"Q1",NA
NA,"сири тверді типу емменталь","2019-10-01",NA,"Q1",NA
NA,"сири розсольні","2019-10-01",175.993799933098,"Q1",NA
NA,"сири плавлені","2019-10-01",178.873392675042,"Q1",NA
NA,"сири м’які нежирні ","2019-10-01",NA,"Q1",NA
NA,"сири м’які жирні","2019-10-01",123.140389921801,"Q1",NA
NA,"сирки та сиркова маса","2019-10-01",117.327667610954,"Q1",NA
NA,"сметана жирністю до 15% включно","2019-10-01",63.9000761101486,"Q1",NA
NA,"сметана з підвищеним вмістом жиру","2019-10-01",79.6263685782099,"Q1",NA
NA,"яйця ","2019-10-01",NA,"Q1",NA
NA,"масло вершкове","2019-10-01",NA,"Q1",NA
NA,"спреди","2019-10-01",NA,"Q1",NA
NA,"маргарин","2019-10-01",64.7551446094455,"Q1",NA
NA,"олія оливкова","2019-10-01",333.056513820333,"Q1",NA
NA,"олія соняшникова","2019-10-01",37.0262839598612,"Q1",NA
NA,"сало","2019-10-01",102.033389716514,"Q1",NA
NA,"лимони","2019-10-01",29.9638989169675,"Q1",NA
NA,"апельсини","2019-10-01",40.8408065345291,"Q1",NA
NA,"банани","2019-10-01",29.7819915367722,"Q1",NA
NA,"яблука","2019-10-01",19.4423667603309,"Q1",NA
NA,"кісточкові ","2019-10-01",NA,"Q1",NA
NA,"ягоди","2019-10-01",84.3207393149858,"Q1",NA
NA,"виноград","2019-10-01",56.1792369206591,"Q1",NA
NA,"кавуни","2019-10-01",11.6301558179528,"Q1",NA
NA,"ківі","2019-10-01",33.839315283673,"Q1",NA
NA,"сухофрукти","2019-10-01",141.950217315143,"Q1",NA
NA,"салати","2019-10-01",140.815191468015,"Q1",NA
NA,"капуста білокачанна","2019-10-01",7.91012895755979,"Q1",NA
NA,"огірки","2019-10-01",25.1390851784552,"Q1",NA
NA,"помідори","2019-10-01",107.122864372243,"Q1",NA
NA,"кабачки","2019-10-01",30.5644910761707,"Q1",NA
NA,"баклажани","2019-10-01",24.6775467228218,"Q1",NA
NA,"перець солодкий","2019-10-01",104.511757906455,"Q1",NA
NA,"цибуля ріпчаста","2019-10-01",15.4380195487348,"Q1",NA
NA,"буряк","2019-10-01",7.00119256268821,"Q1",NA
NA,"морква","2019-10-01",13.3493441899643,"Q1",NA
NA,"гриби","2019-10-01",74.1247668074904,"Q1",NA
NA,"бобові ","2019-10-01",NA,"Q1",NA
NA,"овочі консервовані","2019-10-01",NA,"Q1",NA
NA,"гриби консервовані","2019-10-01",114.46632025974,"Q1",NA
NA,"паста томатна","2019-10-01",48.116790184528,"Q1",NA
NA,"картопля","2019-10-01",22.5554635323971,"Q1",NA
NA,"цукор","2019-10-01",14.7555915283375,"Q1",NA
NA,"мед ","2019-10-01",NA,"Q1",NA
NA,"шоколад","2019-10-01",NA,"Q1",NA
NA,"цукерки шоколадні","2019-10-01",302.193972072209,"Q1",NA
NA,"карамель","2019-10-01",66.3603118504942,"Q1",NA
NA,"зефір","2019-10-01",87.7110430886175,"Q1",NA
NA,"морозиво ","2019-10-01",NA,"Q1",NA
NA,"кетчуп томатний","2019-10-01",40.628262744564,"Q1",NA
NA,"майонез","2019-10-01",49.9712490999365,"Q1",NA
NA,"сіль","2019-10-01",25.7829079153528,"Q1",NA
NA,"часник","2019-10-01",41.4354549055349,"Q1",NA
NA,"спеції","2019-10-01",NA,"Q1",NA
NA,"супи","2019-10-01",190.342562205662,"Q1",NA
NA,"молочні суміші для дитячого харчування","2019-10-01",NA,"Q1",NA
NA,"кава мелена","2019-10-01",268.814105150701,"Q1",NA
NA,"кава розчинна","2019-10-01",822.898473885562,"Q1",NA
NA,"чай","2019-10-01",NA,"Q1",NA
NA,"вода столово-мінеральна","2019-10-01",NA,"Q1",NA
NA,"вода питна ","2019-10-01",NA,"Q1",NA
NA,"напої безалкогольні","2019-10-01",NA,"Q1",NA
NA,"соки фруктово-ягідні","2019-10-01",NA,"Q1",NA
NA,"горілка","2019-10-01",180.740880443837,"Q1",NA
NA,"горілка преміум класу","2019-10-01",NA,"Q1",NA
NA,"коньяк ","2019-10-01",NA,"Q1",NA
NA,"вина столові вітчизняні","2019-10-01",NA,"Q1",NA
NA,"вина столові імпортні","2019-10-01",NA,"Q1",NA
NA,"вина ігристі","2019-10-01",NA,"Q1",NA
NA,"пиво вітчизняних марок","2019-10-01",NA,"Q1",NA
NA,"пиво, виготовлене за ліцензією ","2019-10-01",NA,"Q1",NA
NA,"сигарети з фільтром вітчизняних марок","2019-10-01",NA,"Q1",NA
NA,"сигарети з фільтром медіум класу","2019-10-01",42.0219240485773,"Q1",NA
NA,"сигарети з фільтром преміум класу","2019-10-01",45.3206597260634,"Q1",NA
NA,"сигарети без фільтру","2019-10-01",NA,"Q1",NA
NA,"рис","2018-10-01",44.7413350639157,"Q1",NA
NA,"хліб пшеничний з борошна вищого ґатунку","2018-10-01",NA,"Q1",NA
NA,"хліб пшеничний з борошна першого ґатунку","2018-10-01",NA,"Q1",NA
NA,"хліб житній, житньо-пшеничний","2018-10-01",NA,"Q1",NA
NA,"хліб заварний","2018-10-01",NA,"Q1",NA
NA,"батон ","2018-10-01",NA,"Q1",NA
NA,"багет ","2018-10-01",NA,"Q1",NA
NA,"макаронні вироби з твердих сортів пшениці","2018-10-01",NA,"Q1",NA
NA,"макаронні вироби з м’яких сортів пшениці","2018-10-01",NA,"Q1",NA
NA,"пельмені  ","2018-10-01",NA,"Q1",NA
NA,"здобні вироби","2018-10-01",NA,"Q1",NA
NA,"вафлі","2018-10-01",92.2077071051461,"Q1",NA
NA,"печиво здобне","2018-10-01",79.3506536993142,"Q1",NA
NA,"печиво сухе","2018-10-01",NA,"Q1",NA
NA,"торти","2018-10-01",134.533747053972,"Q1",NA
NA,"борошно пшеничне","2018-10-01",13.169633586414,"Q1",NA
NA,"крупи манні","2018-10-01",14.935225855274,"Q1",NA
NA,"крупи гречані","2018-10-01",20.3362642924693,"Q1",NA
NA,"пластівці вівсяні","2018-10-01",27.7046149452939,"Q1",NA
NA,"крупи ячні ","2018-10-01",NA,"Q1",NA
NA,"пшоно","2018-10-01",24.9191704401567,"Q1",NA
NA,"яловичина","2018-10-01",175.198657001326,"Q1",NA
NA,"вирізка яловича","2018-10-01",329.522369799558,"Q1",NA
NA,"натуральні напівфабрикати з яловичини","2018-10-01",NA,"Q1",NA
NA,"свинина","2018-10-01",114.409532017429,"Q1",NA
NA,"вирізка свиняча","2018-10-01",162.626034469439,"Q1",NA
NA,"натуральні напівфабрикати зі свинини","2018-10-01",NA,"Q1",NA
NA,"птиця (тушки курячі)","2018-10-01",NA,"Q1",NA
NA,"окремі порційні частини курячі","2018-10-01",NA,"Q1",NA
NA,"філе куряче","2018-10-01",116.306972654941,"Q1",NA
NA,"ковбаси варені вищого ґатунку","2018-10-01",130.918342670999,"Q1",NA
NA,"ковбаси варені першого ґатунку","2018-10-01",84.6716897435263,"Q1",NA
NA,"сосиски, сардельки вищого ґатунку","2018-10-01",147.351223524233,"Q1",NA
NA,"сосиски, сардельки першого ґатунку","2018-10-01",92.2601523927016,"Q1",NA
NA,"ковбаси варено-копчені","2018-10-01",NA,"Q1",NA
NA,"ковбаси сирокопчені ","2018-10-01",NA,"Q1",NA
NA,"вироби з м’яса варено-копчені ","2018-10-01",NA,"Q1",NA
NA,"вироби з м’яса делікатесні","2018-10-01",208.321270564827,"Q1",NA
NA,"субпродукти яловичі","2018-10-01",NA,"Q1",NA
NA,"субпродукти свинячі","2018-10-01",31.0738839995224,"Q1",NA
NA,"субпродукти курячі","2018-10-01",NA,"Q1",NA
NA,"фарш м’ясний","2018-10-01",NA,"Q1",NA
NA,"фарш курячий","2018-10-01",NA,"Q1",NA
NA,"вироби з м’яса кулінарні","2018-10-01",NA,"Q1",NA
NA,"риба жива, охолоджена ","2018-10-01",NA,"Q1",NA
NA,"риба морожена","2018-10-01",NA,"Q1",NA
NA,"філе мороженої риби","2018-10-01",NA,"Q1",NA
NA,"морепродукти ","2018-10-01",NA,"Q1",NA
NA,"кілька солона ","2018-10-01",NA,"Q1",NA
NA,"скумбрія копчена","2018-10-01",166.213934463769,"Q1",NA
NA,"оселедці","2018-10-01",115.7949823855,"Q1",NA
NA,"консерви рибні в олії","2018-10-01",175.754718269684,"Q1",NA
NA,"крабові палички","2018-10-01",NA,"Q1",NA
NA,"молоко пастеризоване жирністю до 2,6% включно","2018-10-01",25.5634299019011,"Q1",NA
NA,"молоко з підвищеним вмістом жиру ","2018-10-01",NA,"Q1",NA
NA,"кефір","2018-10-01",NA,"Q1",NA
NA,"йогурт","2018-10-01",52.9206612801118,"Q1",NA
NA,"сири тверді типу едам","2018-10-01",NA,"Q1",NA
NA,"сири тверді типу емменталь","2018-10-01",NA,"Q1",NA
NA,"сири розсольні","2018-10-01",160.285792288796,"Q1",NA
NA,"сири плавлені","2018-10-01",166.084858565499,"Q1",NA
NA,"сири м’які нежирні ","2018-10-01",NA,"Q1",NA
NA,"сири м’які жирні","2018-10-01",110.43981158906,"Q1",NA
NA,"сирки та сиркова маса","2018-10-01",108.536232757589,"Q1",NA
NA,"сметана жирністю до 15% включно","2018-10-01",57.5158200811418,"Q1",NA
NA,"сметана з підвищеним вмістом жиру","2018-10-01",71.5421101331626,"Q1",NA
NA,"яйця ","2018-10-01",NA,"Q1",NA
NA,"масло вершкове","2018-10-01",NA,"Q1",NA
NA,"спреди","2018-10-01",NA,"Q1",NA
NA,"маргарин","2018-10-01",57.6113386205031,"Q1",NA
NA,"олія оливкова","2018-10-01",341.59642443111,"Q1",NA
NA,"олія соняшникова","2018-10-01",36.989294665196,"Q1",NA
NA,"сало","2018-10-01",102.033389716514,"Q1",NA
NA,"лимони","2018-10-01",23.5936211944626,"Q1",NA
NA,"апельсини","2018-10-01",38.1689780696533,"Q1",NA
NA,"банани","2018-10-01",25.4546936211728,"Q1",NA
NA,"яблука","2018-10-01",13.7791401561523,"Q1",NA
NA,"кісточкові ","2018-10-01",NA,"Q1",NA
NA,"ягоди","2018-10-01",52.5362861775613,"Q1",NA
NA,"виноград","2018-10-01",62.7000412060928,"Q1",NA
NA,"кавуни","2018-10-01",10.1131789721329,"Q1",NA
NA,"ківі","2018-10-01",36.269362576284,"Q1",NA
NA,"сухофрукти","2018-10-01",150.053083842645,"Q1",NA
NA,"салати","2018-10-01",134.49397465904,"Q1",NA
NA,"капуста білокачанна","2018-10-01",7.67973685199979,"Q1",NA
NA,"огірки","2018-10-01",24.6703485558933,"Q1",NA
NA,"помідори","2018-10-01",116.691573390243,"Q1",NA
NA,"кабачки","2018-10-01",21.8943345817842,"Q1",NA
NA,"баклажани","2018-10-01",23.3247133486028,"Q1",NA
NA,"перець солодкий","2018-10-01",173.89643578445,"Q1",NA
NA,"цибуля ріпчаста","2018-10-01",18.7582254541128,"Q1",NA
NA,"буряк","2018-10-01",7.55252703634111,"Q1",NA
NA,"морква","2018-10-01",20.7933710124054,"Q1",NA
NA,"гриби","2018-10-01",73.390858225238,"Q1",NA
NA,"бобові ","2018-10-01",NA,"Q1",NA
NA,"овочі консервовані","2018-10-01",NA,"Q1",NA
NA,"гриби консервовані","2018-10-01",99.5359306606439,"Q1",NA
NA,"паста томатна","2018-10-01",44.9689627892785,"Q1",NA
NA,"картопля","2018-10-01",9.70544902426723,"Q1",NA
NA,"цукор","2018-10-01",14.2703979964579,"Q1",NA
NA,"мед ","2018-10-01",NA,"Q1",NA
NA,"шоколад","2018-10-01",NA,"Q1",NA
NA,"цукерки шоколадні","2018-10-01",288.078143062163,"Q1",NA
NA,"карамель","2018-10-01",64.8683400298086,"Q1",NA
NA,"зефір","2018-10-01",82.8244032942563,"Q1",NA
NA,"морозиво ","2018-10-01",NA,"Q1",NA
NA,"кетчуп томатний","2018-10-01",37.4799471813321,"Q1",NA
NA,"майонез","2018-10-01",47.4110522769796,"Q1",NA
NA,"сіль","2018-10-01",22.656333844774,"Q1",NA
NA,"часник","2018-10-01",35.9059401261134,"Q1",NA
NA,"спеції","2018-10-01",NA,"Q1",NA
NA,"супи","2018-10-01",178.893385531637,"Q1",NA
NA,"молочні суміші для дитячого харчування","2018-10-01",NA,"Q1",NA
NA,"кава мелена","2018-10-01",265.626586117294,"Q1",NA
NA,"кава розчинна","2018-10-01",799.706971706085,"Q1",NA
NA,"чай","2018-10-01",NA,"Q1",NA
NA,"вода столово-мінеральна","2018-10-01",NA,"Q1",NA
NA,"вода питна ","2018-10-01",NA,"Q1",NA
NA,"напої безалкогольні","2018-10-01",NA,"Q1",NA
NA,"соки фруктово-ягідні","2018-10-01",NA,"Q1",NA
NA,"горілка","2018-10-01",176.33256628667,"Q1",NA
NA,"горілка преміум класу","2018-10-01",NA,"Q1",NA
NA,"коньяк ","2018-10-01",NA,"Q1",NA
NA,"вина столові вітчизняні","2018-10-01",NA,"Q1",NA
NA,"вина столові імпортні","2018-10-01",NA,"Q1",NA
NA,"вина ігристі","2018-10-01",NA,"Q1",NA
NA,"пиво вітчизняних марок","2018-10-01",NA,"Q1",NA
NA,"пиво, виготовлене за ліцензією ","2018-10-01",NA,"Q1",NA
NA,"сигарети з фільтром вітчизняних марок","2018-10-01",NA,"Q1",NA
NA,"сигарети з фільтром медіум класу","2018-10-01",34.5575033294222,"Q1",NA
NA,"сигарети з фільтром преміум класу","2018-10-01",37.7672164383861,"Q1",NA
NA,"сигарети без фільтру","2018-10-01",NA,"Q1",NA
NA,"рис","2017-10-01",42.6921136106066,"Q1",NA
NA,"хліб пшеничний з борошна вищого ґатунку","2017-10-01",NA,"Q1",NA
NA,"хліб пшеничний з борошна першого ґатунку","2017-10-01",NA,"Q1",NA
NA,"хліб житній, житньо-пшеничний","2017-10-01",NA,"Q1",NA
NA,"хліб заварний","2017-10-01",NA,"Q1",NA
NA,"батон ","2017-10-01",NA,"Q1",NA
NA,"багет ","2017-10-01",NA,"Q1",NA
NA,"макаронні вироби з твердих сортів пшениці","2017-10-01",NA,"Q1",NA
NA,"макаронні вироби з м’яких сортів пшениці","2017-10-01",NA,"Q1",NA
NA,"пельмені  ","2017-10-01",NA,"Q1",NA
NA,"здобні вироби","2017-10-01",NA,"Q1",NA
NA,"вафлі","2017-10-01",86.3368044055675,"Q1",NA
NA,"печиво здобне","2017-10-01",73.2017100547179,"Q1",NA
NA,"печиво сухе","2017-10-01",NA,"Q1",NA
NA,"торти","2017-10-01",115.578820493103,"Q1",NA
NA,"борошно пшеничне","2017-10-01",10.9200941844229,"Q1",NA
NA,"крупи манні","2017-10-01",12.8089415568388,"Q1",NA
NA,"крупи гречані","2017-10-01",29.5585236809146,"Q1",NA
NA,"пластівці вівсяні","2017-10-01",24.1539798999947,"Q1",NA
NA,"крупи ячні ","2017-10-01",NA,"Q1",NA
NA,"пшоно","2017-10-01",13.1360940643947,"Q1",NA
NA,"яловичина","2017-10-01",155.043059293209,"Q1",NA
NA,"вирізка яловича","2017-10-01",293.169368149073,"Q1",NA
NA,"натуральні напівфабрикати з яловичини","2017-10-01",NA,"Q1",NA
NA,"свинина","2017-10-01",108.445054044957,"Q1",NA
NA,"вирізка свиняча","2017-10-01",151.986948102279,"Q1",NA
NA,"натуральні напівфабрикати зі свинини","2017-10-01",NA,"Q1",NA
NA,"птиця (тушки курячі)","2017-10-01",NA,"Q1",NA
NA,"окремі порційні частини курячі","2017-10-01",NA,"Q1",NA
NA,"філе куряче","2017-10-01",102.926524473399,"Q1",NA
NA,"ковбаси варені вищого ґатунку","2017-10-01",114.740002340928,"Q1",NA
NA,"ковбаси варені першого ґатунку","2017-10-01",75.3306848252014,"Q1",NA
NA,"сосиски, сардельки вищого ґатунку","2017-10-01",129.93935055047,"Q1",NA
NA,"сосиски, сардельки першого ґатунку","2017-10-01",82.8932186816726,"Q1",NA
NA,"ковбаси варено-копчені","2017-10-01",NA,"Q1",NA
NA,"ковбаси сирокопчені ","2017-10-01",NA,"Q1",NA
NA,"вироби з м’яса варено-копчені ","2017-10-01",NA,"Q1",NA
NA,"вироби з м’яса делікатесні","2017-10-01",181.464521397933,"Q1",NA
NA,"субпродукти яловичі","2017-10-01",NA,"Q1",NA
NA,"субпродукти свинячі","2017-10-01",29.5941752376404,"Q1",NA
NA,"субпродукти курячі","2017-10-01",NA,"Q1",NA
NA,"фарш м’ясний","2017-10-01",NA,"Q1",NA
NA,"фарш курячий","2017-10-01",NA,"Q1",NA
NA,"вироби з м’яса кулінарні","2017-10-01",NA,"Q1",NA
NA,"риба жива, охолоджена ","2017-10-01",NA,"Q1",NA
NA,"риба морожена","2017-10-01",NA,"Q1",NA
NA,"філе мороженої риби","2017-10-01",NA,"Q1",NA
NA,"морепродукти ","2017-10-01",NA,"Q1",NA
NA,"кілька солона ","2017-10-01",NA,"Q1",NA
NA,"скумбрія копчена","2017-10-01",142.550544137023,"Q1",NA
NA,"оселедці","2017-10-01",116.14341262337,"Q1",NA
NA,"консерви рибні в олії","2017-10-01",162.285058420761,"Q1",NA
NA,"крабові палички","2017-10-01",NA,"Q1",NA
NA,"молоко пастеризоване жирністю до 2,6% включно","2017-10-01",22.9474236103242,"Q1",NA
NA,"молоко з підвищеним вмістом жиру ","2017-10-01",NA,"Q1",NA
NA,"кефір","2017-10-01",NA,"Q1",NA
NA,"йогурт","2017-10-01",47.0405878045438,"Q1",NA
NA,"сири тверді типу едам","2017-10-01",NA,"Q1",NA
NA,"сири тверді типу емменталь","2017-10-01",NA,"Q1",NA
NA,"сири розсольні","2017-10-01",144.92386282893,"Q1",NA
NA,"сири плавлені","2017-10-01",153.214814174815,"Q1",NA
NA,"сири м’які нежирні ","2017-10-01",NA,"Q1",NA
NA,"сири м’які жирні","2017-10-01",99.9455308498277,"Q1",NA
NA,"сирки та сиркова маса","2017-10-01",98.311805034048,"Q1",NA
NA,"сметана жирністю до 15% включно","2017-10-01",50.7641836550237,"Q1",NA
NA,"сметана з підвищеним вмістом жиру","2017-10-01",62.7562369589145,"Q1",NA
NA,"яйця ","2017-10-01",NA,"Q1",NA
NA,"масло вершкове","2017-10-01",NA,"Q1",NA
NA,"спреди","2017-10-01",NA,"Q1",NA
NA,"маргарин","2017-10-01",53.1469913473276,"Q1",NA
NA,"олія оливкова","2017-10-01",314.256140231012,"Q1",NA
NA,"олія соняшникова","2017-10-01",35.7384489518802,"Q1",NA
NA,"сало","2017-10-01",93.5228136723322,"Q1",NA
NA,"лимони","2017-10-01",27.1815912378601,"Q1",NA
NA,"апельсини","2017-10-01",46.4908380872757,"Q1",NA
NA,"банани","2017-10-01",24.3818904417364,"Q1",NA
NA,"яблука","2017-10-01",21.1336505462459,"Q1",NA
NA,"кісточкові ","2017-10-01",NA,"Q1",NA
NA,"ягоди","2017-10-01",60.8763455128172,"Q1",NA
NA,"виноград","2017-10-01",57.8413664262848,"Q1",NA
NA,"кавуни","2017-10-01",11.6109976717943,"Q1",NA
NA,"ківі","2017-10-01",38.7079643290117,"Q1",NA
NA,"сухофрукти","2017-10-01",141.961290295786,"Q1",NA
NA,"салати","2017-10-01",139.952106825224,"Q1",NA
NA,"капуста білокачанна","2017-10-01",5.32944958501027,"Q1",NA
NA,"огірки","2017-10-01",30.3448321720704,"Q1",NA
NA,"помідори","2017-10-01",112.96376901282,"Q1",NA
NA,"кабачки","2017-10-01",22.5018854900146,"Q1",NA
NA,"баклажани","2017-10-01",26.9027835624023,"Q1",NA
NA,"перець солодкий","2017-10-01",196.715425095532,"Q1",NA
NA,"цибуля ріпчаста","2017-10-01",10.4096700633256,"Q1",NA
NA,"буряк","2017-10-01",5.42956652504753,"Q1",NA
NA,"морква","2017-10-01",12.7254412560621,"Q1",NA
NA,"гриби","2017-10-01",59.7645425286954,"Q1",NA
NA,"бобові ","2017-10-01",NA,"Q1",NA
NA,"овочі консервовані","2017-10-01",NA,"Q1",NA
NA,"гриби консервовані","2017-10-01",92.8506815864215,"Q1",NA
NA,"паста томатна","2017-10-01",42.0663824034411,"Q1",NA
NA,"картопля","2017-10-01",9.30532025337223,"Q1",NA
NA,"цукор","2017-10-01",16.9080544981729,"Q1",NA
NA,"мед ","2017-10-01",NA,"Q1",NA
NA,"шоколад","2017-10-01",NA,"Q1",NA
NA,"цукерки шоколадні","2017-10-01",269.483763388366,"Q1",NA
NA,"карамель","2017-10-01",62.1939981110341,"Q1",NA
NA,"зефір","2017-10-01",78.2839350607338,"Q1",NA
NA,"морозиво ","2017-10-01",NA,"Q1",NA
NA,"кетчуп томатний","2017-10-01",34.5437301210434,"Q1",NA
NA,"майонез","2017-10-01",44.1855100437834,"Q1",NA
NA,"сіль","2017-10-01",18.2124870134839,"Q1",NA
NA,"часник","2017-10-01",50.930411526402,"Q1",NA
NA,"спеції","2017-10-01",NA,"Q1",NA
NA,"супи","2017-10-01",166.722633300687,"Q1",NA
NA,"молочні суміші для дитячого харчування","2017-10-01",NA,"Q1",NA
NA,"кава мелена","2017-10-01",257.390102826835,"Q1",NA
NA,"кава розчинна","2017-10-01",768.210347460217,"Q1",NA
NA,"чай","2017-10-01",NA,"Q1",NA
NA,"вода столово-мінеральна","2017-10-01",NA,"Q1",NA
NA,"вода питна ","2017-10-01",NA,"Q1",NA
NA,"напої безалкогольні","2017-10-01",NA,"Q1",NA
NA,"соки фруктово-ягідні","2017-10-01",NA,"Q1",NA
NA,"горілка","2017-10-01",158.28776147816,"Q1",NA
NA,"горілка преміум класу","2017-10-01",NA,"Q1",NA
NA,"коньяк ","2017-10-01",NA,"Q1",NA
NA,"вина столові вітчизняні","2017-10-01",NA,"Q1",NA
NA,"вина столові імпортні","2017-10-01",NA,"Q1",NA
NA,"вина ігристі","2017-10-01",NA,"Q1",NA
NA,"пиво вітчизняних марок","2017-10-01",NA,"Q1",NA
NA,"пиво, виготовлене за ліцензією ","2017-10-01",NA,"Q1",NA
NA,"сигарети з фільтром вітчизняних марок","2017-10-01",NA,"Q1",NA
NA,"сигарети з фільтром медіум класу","2017-10-01",27.7793435123972,"Q1",NA
NA,"сигарети з фільтром преміум класу","2017-10-01",31.2125755689142,"Q1",NA
NA,"сигарети без фільтру","2017-10-01",NA,"Q1",NA
