"","name","month","value","measure","inflation","category"
"1","батон",2021-08-01,43.9777777777778,"Q1",NA,"хліб"
"2","хліб цільнозерновий",2021-08-01,61.7272727272727,"Q1",NA,"хліб"
"3","хліб житньо-пшеничний",2021-08-01,43.3375,"Q1",NA,"хліб"
"4","хліб пшеничний",2021-08-01,34.4166666666667,"Q1",NA,"хліб"
"5","торти",2021-08-01,267.220588235294,"Q1",NA,"солодощі"
"6","банани",2021-08-01,21.9,"Q1",NA,"фрукти"
"7","лимони",2021-08-01,42.9,"Q1",NA,"фрукти"
"8","кавуни",2021-08-01,13.2,"Q1",NA,"фрукти"
"9","виноград",2021-08-01,53.55,"Q1",NA,"фрукти"
"10","яблука",2021-08-01,22.2,"Q1",NA,"фрукти"
"11","апельсини",2021-08-01,48.9,"Q1",NA,"фрукти"
"12","ягоди",2021-08-01,178.25,"Q1",NA,"фрукти"
"13","ківі",2021-08-01,99.5,"Q1",NA,"фрукти"
"14","мандарини",2021-08-01,43.9,"Q1",NA,"фрукти"
"15","морква",2021-08-01,5.9,"Q1",NA,"овочі"
"16","кабачки",2021-08-01,10,"Q1",NA,"овочі"
"17","баклажани",2021-08-01,21.4,"Q1",NA,"овочі"
"18","перець солодкий",2021-08-01,26.65,"Q1",NA,"овочі"
"19","цибуля ріпчаста",2021-08-01,22.9,"Q1",NA,"овочі"
"20","картопля",2021-08-01,10.9,"Q1",NA,"овочі"
"21","буряк",2021-08-01,22.375,"Q1",NA,"овочі"
"22","капуста білокачанна",2021-08-01,5.4,"Q1",NA,"овочі"
"23","помідори",2021-08-01,117.4,"Q1",NA,"овочі"
"24","часник",2021-08-01,69.9,"Q1",NA,"овочі"
"25","огірки",2021-08-01,21.9,"Q1",NA,"овочі"
"26","гриби",2021-08-01,68.2211538461539,"Q1",NA,"овочі"
"27","салати",2021-08-01,144.017857142857,"Q1",NA,"овочі"
"28","сухофрукти",2021-08-01,158.7,"Q1",NA,"сухофрукти"
"29","цукати",2021-08-01,255.633333333333,"Q1",NA,"солодощі"
"30","сири розсольні",2021-08-01,159.6,"Q1",NA,"молочна продукція та яйця"
"31","сири плавлені",2021-08-01,181.857142857143,"Q1",NA,"молочна продукція та яйця"
"32","крем-сир",2021-08-01,251.3,"Q1",NA,"молочна продукція та яйця"
"33","молоко пастеризоване жирністю до 2,6% включно",2021-08-01,29.33,"Q1",NA,"молочна продукція та яйця"
"34","молоко з підвищеним вмістом жиру",2021-08-01,30.2016666666667,"Q1",NA,"молочна продукція та яйця"
"35","сири м’які нежирні",2021-08-01,128.979166666667,"Q1",NA,"молочна продукція та яйця"
"36","сирки та сиркова маса",2021-08-01,146.357142857143,"Q1",NA,"молочна продукція та яйця"
"37","сири м’які жирні",2021-08-01,136.433333333333,"Q1",NA,"молочна продукція та яйця"
"38","сметана жирністю до 15% включно",2021-08-01,72.7933436532508,"Q1",NA,"молочна продукція та яйця"
"39","сметана з підвищеним вмістом жиру",2021-08-01,90.7142857142857,"Q1",NA,"молочна продукція та яйця"
"40","йогурт",2021-08-01,57.0555555555556,"Q1",NA,"молочна продукція та яйця"
"41","морозиво",2021-08-01,172.309285714286,"Q1",NA,"солодощі"
"42","кефір 2.5%",2021-08-01,33.2967320261438,"Q1",NA,"молочна продукція та яйця"
"43","масло вершкове 82%",2021-08-01,278.675,"Q1",NA,"молочна продукція та яйця"
"44","масло вершкове 73%",2021-08-01,227.719444444444,"Q1",NA,"молочна продукція та яйця"
"45","маргарин",2021-08-01,83.68,"Q1",NA,"молочна продукція та яйця"
"46","яйця",2021-08-01,32.7,"Q1",NA,"молочна продукція та яйця"
"47","філе куряче",2021-08-01,130.95,"Q1",NA,"м’ясо"
"48","свинина",2021-08-01,159.95,"Q1",NA,"м’ясо"
"49","яловичина фарш",2021-08-01,140.95,"Q1",NA,"м’ясо"
"50","свинина ребра",2021-08-01,129.95,"Q1",NA,"м’ясо"
"51","вирізка свиняча",2021-08-01,169.2,"Q1",NA,"м’ясо"
"52","свинина гуляш",2021-08-01,109.95,"Q1",NA,"м’ясо"
"53","субпродукти яловичні",2021-08-01,33.7,"Q1",NA,"м’ясо"
"54","свинина фарш",2021-08-01,104.95,"Q1",NA,"м’ясо"
"55","яловичина",2021-08-01,199.95,"Q1",NA,"м’ясо"
"56","сало",2021-08-01,164.320833333333,"Q1",NA,"м’ясо"
"57","яловичина ребра",2021-08-01,111.95,"Q1",NA,"м’ясо"
"58","вирізка яловича",2021-08-01,400.95,"Q1",NA,"м’ясо"
"59","субпродукти свинячі",2021-08-01,36.0625,"Q1",NA,"м’ясо"
"60","риба червона",2021-08-01,352.4,"Q1",NA,"риба та морепродукти"
"61","риба річна",2021-08-01,118,"Q1",NA,"риба та морепродукти"
"62","сосиски, сардельки вищого ґатунку",2021-08-01,170.411666666667,"Q1",NA,"ковбасні вироби"
"63","сосиски, сардельки першого ґатунку",2021-08-01,104.54,"Q1",NA,"ковбасні вироби"
"64","ковбаси сирокопчені в/ґ",2021-08-01,353.838961038961,"Q1",NA,"ковбасні вироби"
"65","ковбаси варені вищого ґатунку",2021-08-01,152.975,"Q1",NA,"ковбасні вироби"
"66","ковбаси варено-копчені в/ґ",2021-08-01,247.206071428571,"Q1",NA,"ковбасні вироби"
"67","ковбаси варені першого ґатунку",2021-08-01,104.130714285714,"Q1",NA,"ковбасні вироби"
"68","вироби з м’яса делікатесні",2021-08-01,270.06,"Q1",NA,"ковбасні вироби"
"69","оселедці",2021-08-01,156.5875,"Q1",NA,"риба та морепродукти"
"70","скумбрія копчена",2021-08-01,184.9,"Q1",NA,"риба та морепродукти"
"71","ікра червона",2021-08-01,384.375,"Q1",NA,"риба та морепродукти"
"72","морепродукти",2021-08-01,214.5,"Q1",NA,"риба та морепродукти"
"73","риба морожена",2021-08-01,79,"Q1",NA,"риба та морепродукти"
"74","філе мороженої риби",2021-08-01,129.071428571429,"Q1",NA,"риба та морепродукти"
"75","броколі заморожена",2021-08-01,111.4375,"Q1",NA,"овочі заморожені"
"76","мед",2021-08-01,154,"Q1",NA,"солодощі"
"77","крупи гречані",2021-08-01,50.590625,"Q1",NA,"бакалея"
"78","рис",2021-08-01,40.2132547169811,"Q1",NA,"бакалея"
"79","пластівці вівсяні",2021-08-01,43.63125,"Q1",NA,"бакалея"
"80","крупи манні",2021-08-01,19.3,"Q1",NA,"бакалея"
"81","пшоно",2021-08-01,20.41,"Q1",NA,"бакалея"
"82","крупи ячні",2021-08-01,17.818125,"Q1",NA,"бакалея"
"83","квасоля",2021-08-01,90.175,"Q1",NA,"бакалея"
"84","макарони",2021-08-01,52.96,"Q1",NA,"бакалея"
"85","борошно пшеничне",2021-08-01,17.35,"Q1",NA,"бакалея"
"86","цукор",2021-08-01,29.555,"Q1",NA,"бакалея"
"87","ром",2021-08-01,402.74,"Q1",NA,"алкоголь"
"88","супи",2021-08-01,187.5,"Q1",NA,"бакалея"
"89","сіль",2021-08-01,26.6,"Q1",NA,"соуси та спеції"
"90","майонез",2021-08-01,73.3820512820513,"Q1",NA,"соуси та спеції"
"91","паста томатна",2021-08-01,63.7270531400966,"Q1",NA,"соуси та спеції"
"92","віскі",2021-08-01,529,"Q1",NA,"алкоголь"
"93","пиво",2021-08-01,40.7,"Q1",NA,"алкоголь"
"94","кетчуп томатний",2021-08-01,46.7777777777778,"Q1",NA,"соуси та спеції"
"95","олія соняшникова",2021-08-01,69.395,"Q1",NA,"олія"
"96","олія оливкова",2021-08-01,332.16,"Q1",NA,"олія"
"97","консерви рибні в олії",2021-08-01,238.125,"Q1",NA,"риба та морепродукти"
"98","кукурудза консервована",2021-08-01,84.3658088235294,"Q1",NA,"консервовані овочі і гриби"
"99","горошок консервований",2021-08-01,64.2672883787661,"Q1",NA,"консервовані овочі і гриби"
"100","гриби консервовані",2021-08-01,121.968630136986,"Q1",NA,"консервовані овочі і гриби"
"101","зефір",2021-08-01,110.6975,"Q1",NA,"солодощі"
"102","цукерки шоколадні",2021-08-01,226.656730769231,"Q1",NA,"солодощі"
"103","карамель",2021-08-01,65.025,"Q1",NA,"солодощі"
"104","коньяк",2021-08-01,304,"Q1",NA,"алкоголь"
"105","вафлі",2021-08-01,113.05,"Q1",NA,"солодощі"
"106","печиво здобне",2021-08-01,104.146428571429,"Q1",NA,"солодощі"
"107","печиво затяжне",2021-08-01,78.9394444444444,"Q1",NA,"солодощі"
"108","сік апельсиновий",2021-08-01,35.9236842105263,"Q1",NA,"безалкогольні напої"
"109","сік яблучний",2021-08-01,22.4,"Q1",NA,"безалкогольні напої"
"110","шампанське",2021-08-01,145.673333333333,"Q1",NA,"алкоголь"
"111","кава мелена",2021-08-01,282.533333333333,"Q1",NA,"кава і чай"
"112","кава розчинна",2021-08-01,855.541021671827,"Q1",NA,"кава і чай"
"113","чай у пакетиках",2021-08-01,587.2,"Q1",NA,"кава і чай"
"114","солодка вода",2021-08-01,14.04,"Q1",NA,"безалкогольні напої"
"115","вино біле сухе",2021-08-01,143.8,"Q1",NA,"алкоголь"
"116","вино червоне сухе",2021-08-01,144.613333333333,"Q1",NA,"алкоголь"
"117","горілка",2021-08-01,180.738888888889,"Q1",NA,"алкоголь"
"118","сигарети з фільтром медіум класу",2021-08-01,58,"Q1",NA,"сигарети"
"119","сигарети з фільтром преміум класу",2021-08-01,62.5,"Q1",NA,"сигарети"
"120","молочні суміші для дитячого харчування",2021-08-01,493.321875,"Q1",NA,"молочна продукція та яйця"
"121","батон",2021-08-01,8.47,"min",NA,"хліб"
"122","хліб цільнозерновий",2021-08-01,48.5,"min",NA,"хліб"
"123","хліб житньо-пшеничний",2021-08-01,30.9333333333333,"min",NA,"хліб"
"124","хліб пшеничний",2021-08-01,21.08,"min",NA,"хліб"
"125","торти",2021-08-01,122.654545454545,"min",NA,"солодощі"
"126","банани",2021-08-01,21.9,"min",NA,"фрукти"
"127","лимони",2021-08-01,42.9,"min",NA,"фрукти"
"128","кавуни",2021-08-01,5.9,"min",NA,"фрукти"
"129","виноград",2021-08-01,49.9,"min",NA,"фрукти"
"130","яблука",2021-08-01,19.9,"min",NA,"фрукти"
"131","апельсини",2021-08-01,45.9,"min",NA,"фрукти"
"132","ягоди",2021-08-01,149.9,"min",NA,"фрукти"
"133","ківі",2021-08-01,99.5,"min",NA,"фрукти"
"134","мандарини",2021-08-01,43.9,"min",NA,"фрукти"
"135","морква",2021-08-01,5.9,"min",NA,"овочі"
"136","кабачки",2021-08-01,10,"min",NA,"овочі"
"137","баклажани",2021-08-01,12.9,"min",NA,"овочі"
"138","перець солодкий",2021-08-01,18.9,"min",NA,"овочі"
"139","цибуля ріпчаста",2021-08-01,9.4,"min",NA,"овочі"
"140","картопля",2021-08-01,6.8,"min",NA,"овочі"
"141","буряк",2021-08-01,6.5,"min",NA,"овочі"
"142","капуста білокачанна",2021-08-01,5.4,"min",NA,"овочі"
"143","помідори",2021-08-01,106,"min",NA,"овочі"
"144","часник",2021-08-01,69.9,"min",NA,"овочі"
"145","огірки",2021-08-01,21.9,"min",NA,"овочі"
"146","гриби",2021-08-01,45.9,"min",NA,"овочі"
"147","салати",2021-08-01,29.9,"min",NA,"овочі"
"148","сухофрукти",2021-08-01,61.9,"min",NA,"сухофрукти"
"149","цукати",2021-08-01,227.133333333333,"min",NA,"солодощі"
"150","сири розсольні",2021-08-01,116.333333333333,"min",NA,"молочна продукція та яйця"
"151","сири плавлені",2021-08-01,139.060606060606,"min",NA,"молочна продукція та яйця"
"152","крем-сир",2021-08-01,86.91,"min",NA,"молочна продукція та яйця"
"153","молоко пастеризоване жирністю до 2,6% включно",2021-08-01,23.2716650438169,"min",NA,"молочна продукція та яйця"
"154","молоко з підвищеним вмістом жиру",2021-08-01,24.2453748782863,"min",NA,"молочна продукція та яйця"
"155","сири м’які нежирні",2021-08-01,101.5,"min",NA,"молочна продукція та яйця"
"156","сирки та сиркова маса",2021-08-01,132.222222222222,"min",NA,"молочна продукція та яйця"
"157","сири м’які жирні",2021-08-01,79.8,"min",NA,"молочна продукція та яйця"
"158","сметана жирністю до 15% включно",2021-08-01,56.25,"min",NA,"молочна продукція та яйця"
"159","сметана з підвищеним вмістом жиру",2021-08-01,45,"min",NA,"молочна продукція та яйця"
"160","йогурт",2021-08-01,31.21,"min",NA,"молочна продукція та яйця"
"161","морозиво",2021-08-01,15.9,"min",NA,"солодощі"
"162","кефір 2.5%",2021-08-01,21.6666666666667,"min",NA,"молочна продукція та яйця"
"163","масло вершкове 82%",2021-08-01,222.5,"min",NA,"молочна продукція та яйця"
"164","масло вершкове 73%",2021-08-01,158.75,"min",NA,"молочна продукція та яйця"
"165","маргарин",2021-08-01,78,"min",NA,"молочна продукція та яйця"
"166","яйця",2021-08-01,20.1,"min",NA,"молочна продукція та яйця"
"167","філе куряче",2021-08-01,48.16,"min",NA,"м’ясо"
"168","свинина",2021-08-01,119.95,"min",NA,"м’ясо"
"169","яловичина фарш",2021-08-01,140.95,"min",NA,"м’ясо"
"170","свинина ребра",2021-08-01,129.95,"min",NA,"м’ясо"
"171","вирізка свиняча",2021-08-01,168.95,"min",NA,"м’ясо"
"172","свинина гуляш",2021-08-01,109.95,"min",NA,"м’ясо"
"173","субпродукти яловичні",2021-08-01,26.95,"min",NA,"м’ясо"
"174","свинина фарш",2021-08-01,103.95,"min",NA,"м’ясо"
"175","яловичина",2021-08-01,181.95,"min",NA,"м’ясо"
"176","сало",2021-08-01,129.95,"min",NA,"м’ясо"
"177","яловичина ребра",2021-08-01,111.95,"min",NA,"м’ясо"
"178","вирізка яловича",2021-08-01,400.95,"min",NA,"м’ясо"
"179","субпродукти свинячі",2021-08-01,33.4,"min",NA,"м’ясо"
"180","риба червона",2021-08-01,349.9,"min",NA,"риба та морепродукти"
"181","риба річна",2021-08-01,118,"min",NA,"риба та морепродукти"
"182","сосиски, сардельки вищого ґатунку",2021-08-01,98.5818181818182,"min",NA,"ковбасні вироби"
"183","сосиски, сардельки першого ґатунку",2021-08-01,58.5,"min",NA,"ковбасні вироби"
"184","ковбаси сирокопчені в/ґ",2021-08-01,238.333333333333,"min",NA,"ковбасні вироби"
"185","ковбаси варені вищого ґатунку",2021-08-01,117,"min",NA,"ковбасні вироби"
"186","ковбаси варено-копчені в/ґ",2021-08-01,140.42,"min",NA,"ковбасні вироби"
"187","ковбаси варені першого ґатунку",2021-08-01,59.5402298850575,"min",NA,"ковбасні вироби"
"188","вироби з м’яса делікатесні",2021-08-01,115,"min",NA,"ковбасні вироби"
"189","оселедці",2021-08-01,74.9,"min",NA,"риба та морепродукти"
"190","скумбрія копчена",2021-08-01,139.9,"min",NA,"риба та морепродукти"
"191","ікра червона",2021-08-01,190.608695652174,"min",NA,"риба та морепродукти"
"192","морепродукти",2021-08-01,31.6666666666667,"min",NA,"риба та морепродукти"
"193","риба морожена",2021-08-01,48.1,"min",NA,"риба та морепродукти"
"194","філе мороженої риби",2021-08-01,109.52,"min",NA,"риба та морепродукти"
"195","броколі заморожена",2021-08-01,110.25,"min",NA,"овочі заморожені"
"196","мед",2021-08-01,65.45,"min",NA,"солодощі"
"197","крупи гречані",2021-08-01,33,"min",NA,"бакалея"
"198","рис",2021-08-01,20.3,"min",NA,"бакалея"
"199","пластівці вівсяні",2021-08-01,27.1428571428571,"min",NA,"бакалея"
"200","крупи манні",2021-08-01,16.65,"min",NA,"бакалея"
"201","пшоно",2021-08-01,17.07,"min",NA,"бакалея"
"202","крупи ячні",2021-08-01,16,"min",NA,"бакалея"
"203","квасоля",2021-08-01,80.66,"min",NA,"бакалея"
"204","макарони",2021-08-01,28.31,"min",NA,"бакалея"
"205","борошно пшеничне",2021-08-01,13.7,"min",NA,"бакалея"
"206","цукор",2021-08-01,27.4,"min",NA,"бакалея"
"207","ром",2021-08-01,54,"min",NA,"алкоголь"
"208","супи",2021-08-01,56.75,"min",NA,"бакалея"
"209","сіль",2021-08-01,5.00666666666667,"min",NA,"соуси та спеції"
"210","майонез",2021-08-01,41.4,"min",NA,"соуси та спеції"
"211","паста томатна",2021-08-01,49.5876288659794,"min",NA,"соуси та спеції"
"212","віскі",2021-08-01,18,"min",NA,"алкоголь"
"213","пиво",2021-08-01,19.3708333333333,"min",NA,"алкоголь"
"214","кетчуп томатний",2021-08-01,29.9666666666667,"min",NA,"соуси та спеції"
"215","олія соняшникова",2021-08-01,52.4705882352941,"min",NA,"олія"
"216","олія оливкова",2021-08-01,168.24,"min",NA,"олія"
"217","консерви рибні в олії",2021-08-01,153.266666666667,"min",NA,"риба та морепродукти"
"218","кукурудза консервована",2021-08-01,47.3809523809524,"min",NA,"консервовані овочі і гриби"
"219","горошок консервований",2021-08-01,31.1764705882353,"min",NA,"консервовані овочі і гриби"
"220","гриби консервовані",2021-08-01,99.030303030303,"min",NA,"консервовані овочі і гриби"
"221","зефір",2021-08-01,86.46,"min",NA,"солодощі"
"222","цукерки шоколадні",2021-08-01,126.6,"min",NA,"солодощі"
"223","карамель",2021-08-01,53.11,"min",NA,"солодощі"
"224","коньяк",2021-08-01,41,"min",NA,"алкоголь"
"225","вафлі",2021-08-01,84.5,"min",NA,"солодощі"
"226","печиво здобне",2021-08-01,73.1333333333333,"min",NA,"солодощі"
"227","печиво затяжне",2021-08-01,74.99,"min",NA,"солодощі"
"228","сік апельсиновий",2021-08-01,25.9,"min",NA,"безалкогольні напої"
"229","сік яблучний",2021-08-01,17.9666666666667,"min",NA,"безалкогольні напої"
"230","шампанське",2021-08-01,68.6666666666667,"min",NA,"алкоголь"
"231","кава мелена",2021-08-01,183.6,"min",NA,"кава і чай"
"232","кава розчинна",2021-08-01,439.2,"min",NA,"кава і чай"
"233","чай у пакетиках",2021-08-01,383.8,"min",NA,"кава і чай"
"234","солодка вода",2021-08-01,4.75,"min",NA,"безалкогольні напої"
"235","вино біле сухе",2021-08-01,45,"min",NA,"алкоголь"
"236","вино червоне сухе",2021-08-01,44.3,"min",NA,"алкоголь"
"237","горілка",2021-08-01,178.8,"min",NA,"алкоголь"
"238","сигарети з фільтром медіум класу",2021-08-01,57,"min",NA,"сигарети"
"239","сигарети з фільтром преміум класу",2021-08-01,61.5,"min",NA,"сигарети"
"240","молочні суміші для дитячого харчування",2021-08-01,277.671428571429,"min",NA,"молочна продукція та яйця"
"241","печиво здобне",2021-09-01,107.5,"Q1",3.2,"солодощі"
"242","хліб житньо-пшеничний",2021-09-01,47.68125,"Q1",10,"хліб"
"243","батон",2021-09-01,43.4,"Q1",-1.3,"хліб"
"244","хліб цільнозерновий",2021-09-01,56.75,"Q1",-8.1,"хліб"
"245","хліб пшеничний",2021-09-01,32.9166666666667,"Q1",-4.4,"хліб"
"246","торти",2021-09-01,228.785183066362,"Q1",-14,"солодощі"
"247","лимони",2021-09-01,57.175,"Q1",33,"фрукти"
"248","банани",2021-09-01,25.8,"Q1",18,"фрукти"
"249","кавуни",2021-09-01,6.1,"Q1",-54,"фрукти"
"250","авокадо",2021-09-01,14.9,"Q1",NA,"фрукти"
"251","виноград",2021-09-01,54.5,"Q1",1.8,"фрукти"
"252","яблука",2021-09-01,16.8,"Q1",-24,"фрукти"
"253","апельсини",2021-09-01,45.9,"Q1",-6.1,"фрукти"
"254","ягоди",2021-09-01,327.666666666667,"Q1",84,"фрукти"
"255","ківі",2021-09-01,88.175,"Q1",-11,"фрукти"
"256","мандарини",2021-09-01,70.8,"Q1",61,"фрукти"
"257","цибуля ріпчаста",2021-09-01,13.975,"Q1",-39,"овочі"
"258","картопля",2021-09-01,12.7,"Q1",17,"овочі"
"259","морква",2021-09-01,9.85,"Q1",67,"овочі"
"260","кабачки",2021-09-01,16.9,"Q1",69,"овочі"
"261","перець солодкий",2021-09-01,32.4,"Q1",22,"овочі"
"262","буряк",2021-09-01,10.7,"Q1",-52,"овочі"
"263","баклажани",2021-09-01,29.9,"Q1",40,"овочі"
"264","капуста білокачанна",2021-09-01,4.7,"Q1",-13,"овочі"
"265","часник",2021-09-01,28.9,"Q1",-59,"овочі"
"266","помідори",2021-09-01,174,"Q1",48,"овочі"
"267","гриби",2021-09-01,73.75,"Q1",8.1,"овочі"
"268","салати",2021-09-01,151.714285714286,"Q1",5.3,"овочі"
"269","сухофрукти",2021-09-01,161.5,"Q1",1.8,"сухофрукти"
"270","цукати",2021-09-01,255.633333333333,"Q1",0,"солодощі"
"271","сири розсольні",2021-09-01,203.538913043478,"Q1",28,"молочна продукція та яйця"
"272","крем-сир",2021-09-01,259.884615384615,"Q1",3.4,"молочна продукція та яйця"
"273","сири плавлені",2021-09-01,196,"Q1",7.8,"молочна продукція та яйця"
"274","молоко пастеризоване жирністю до 2,6% включно",2021-09-01,30.3916666666667,"Q1",3.6,"молочна продукція та яйця"
"275","молоко з підвищеним вмістом жиру",2021-09-01,31.7,"Q1",5,"молочна продукція та яйця"
"276","сири м’які нежирні",2021-09-01,129.6125,"Q1",0.49,"молочна продукція та яйця"
"277","сири м’які жирні",2021-09-01,137.278571428571,"Q1",0.62,"молочна продукція та яйця"
"278","сирки та сиркова маса",2021-09-01,135.972222222222,"Q1",-7.1,"молочна продукція та яйця"
"279","сметана жирністю до 15% включно",2021-09-01,73.3458646616541,"Q1",0.76,"молочна продукція та яйця"
"280","сметана з підвищеним вмістом жиру",2021-09-01,97.5428571428571,"Q1",7.5,"молочна продукція та яйця"
"281","йогурт",2021-09-01,61.8125,"Q1",8.3,"молочна продукція та яйця"
"282","морозиво",2021-09-01,155.714285714286,"Q1",-9.6,"солодощі"
"283","кефір 2.5%",2021-09-01,34.5611111111111,"Q1",3.8,"молочна продукція та яйця"
"284","масло вершкове 73%",2021-09-01,235.3875,"Q1",3.4,"молочна продукція та яйця"
"285","масло вершкове 82%",2021-09-01,252.075,"Q1",-9.5,"молочна продукція та яйця"
"286","маргарин",2021-09-01,84.8,"Q1",1.3,"молочна продукція та яйця"
"287","яйця",2021-09-01,35.95,"Q1",9.9,"молочна продукція та яйця"
"288","філе куряче",2021-09-01,128.585,"Q1",-1.8,"м’ясо"
"289","свинина",2021-09-01,117.95,"Q1",-26,"м’ясо"
"290","вирізка свиняча",2021-09-01,172.2,"Q1",1.8,"м’ясо"
"291","свинина ребра",2021-09-01,129.95,"Q1",0,"м’ясо"
"292","свинина гуляш",2021-09-01,109.95,"Q1",0,"м’ясо"
"293","яловичина фарш",2021-09-01,165.7,"Q1",18,"м’ясо"
"294","субпродукти яловичні",2021-09-01,34.45,"Q1",2.2,"м’ясо"
"295","субпродукти свинячі",2021-09-01,37.92,"Q1",5.2,"м’ясо"
"296","свинина фарш",2021-09-01,107.95,"Q1",2.9,"м’ясо"
"297","яловичина",2021-09-01,217.95,"Q1",9,"м’ясо"
"298","сало",2021-09-01,108.75,"Q1",-34,"м’ясо"
"299","яловичина ребра",2021-09-01,136.95,"Q1",22,"м’ясо"
"300","вироби з м’яса делікатесні",2021-09-01,246.59,"Q1",-8.7,"ковбасні вироби"
"301","вирізка яловича",2021-09-01,549.1,"Q1",37,"м’ясо"
"302","риба червона",2021-09-01,349.9,"Q1",-0.71,"риба та морепродукти"
"303","риба річна",2021-09-01,119.9,"Q1",1.6,"риба та морепродукти"
"304","сосиски, сардельки вищого ґатунку",2021-09-01,170.536666666667,"Q1",0.073,"ковбасні вироби"
"305","сосиски, сардельки першого ґатунку",2021-09-01,102.39,"Q1",-2.1,"ковбасні вироби"
"306","ковбаси сирокопчені в/ґ",2021-09-01,378.893333333333,"Q1",7.1,"ковбасні вироби"
"307","ковбаси варені вищого ґатунку",2021-09-01,159.04,"Q1",4,"ковбасні вироби"
"308","ковбаси варено-копчені в/ґ",2021-09-01,224.401071428571,"Q1",-9.2,"ковбасні вироби"
"309","ковбаси варені першого ґатунку",2021-09-01,106.6175,"Q1",2.4,"ковбасні вироби"
"310","оселедці",2021-09-01,152.407142857143,"Q1",-2.7,"риба та морепродукти"
"311","скумбрія копчена",2021-09-01,196.12,"Q1",6.1,"риба та морепродукти"
"312","морепродукти",2021-09-01,225.115079365079,"Q1",4.9,"риба та морепродукти"
"313","ікра червона",2021-09-01,1266.20833333333,"Q1",230,"риба та морепродукти"
"314","риба морожена",2021-09-01,59.4,"Q1",-25,"риба та морепродукти"
"315","філе мороженої риби",2021-09-01,129.071428571429,"Q1",0,"риба та морепродукти"
"316","броколі заморожена",2021-09-01,90.625,"Q1",-19,"овочі заморожені"
"317","пшоно",2021-09-01,19.5,"Q1",-4.5,"бакалея"
"318","молочні суміші для дитячого харчування",2021-09-01,529.4375,"Q1",7.3,"молочна продукція та яйця"
"319","сіль",2021-09-01,28.12,"Q1",5.7,"соуси та спеції"
"320","мед",2021-09-01,151.48,"Q1",-1.6,"солодощі"
"321","солодка вода",2021-09-01,12.1333333333333,"Q1",-14,"безалкогольні напої"
"322","карамель",2021-09-01,70.2675,"Q1",8.1,"солодощі"
"323","чай у пакетиках",2021-09-01,573.4,"Q1",-2.4,"кава і чай"
"324","вафлі",2021-09-01,121.78373015873,"Q1",7.7,"солодощі"
"325","крупи гречані",2021-09-01,50.590625,"Q1",0,"бакалея"
"326","рис",2021-09-01,41.3725,"Q1",2.9,"бакалея"
"327","крупи манні",2021-09-01,19.1875,"Q1",-0.58,"бакалея"
"328","пластівці вівсяні",2021-09-01,27.7,"Q1",-37,"бакалея"
"329","квасоля",2021-09-01,90.175,"Q1",0,"бакалея"
"330","крупи ячні",2021-09-01,18.29375,"Q1",2.7,"бакалея"
"331","макарони",2021-09-01,54.8,"Q1",3.5,"бакалея"
"332","борошно пшеничне",2021-09-01,15.4444444444444,"Q1",-11,"бакалея"
"333","цукор",2021-09-01,28,"Q1",-5.3,"бакалея"
"334","ром",2021-09-01,350,"Q1",-13,"алкоголь"
"335","супи",2021-09-01,199.8,"Q1",6.6,"бакалея"
"336","олія соняшникова",2021-09-01,68.3783333333333,"Q1",-1.5,"олія"
"337","олія оливкова",2021-09-01,328.715,"Q1",-1,"олія"
"338","віскі",2021-09-01,529,"Q1",0,"алкоголь"
"339","пиво",2021-09-01,37.7608333333333,"Q1",-7.2,"алкоголь"
"340","консерви рибні в олії",2021-09-01,228.664855072464,"Q1",-4,"риба та морепродукти"
"341","вино біле сухе",2021-09-01,146,"Q1",1.5,"алкоголь"
"342","коньяк",2021-09-01,303.95,"Q1",-0.016,"алкоголь"
"343","вино червоне сухе",2021-09-01,141.23,"Q1",-2.3,"алкоголь"
"344","цукерки шоколадні",2021-09-01,309.465,"Q1",37,"солодощі"
"345","шампанське",2021-09-01,208.666666666667,"Q1",43,"алкоголь"
"346","горілка",2021-09-01,184.214285714286,"Q1",1.9,"алкоголь"
"347","майонез",2021-09-01,74.8026315789474,"Q1",1.9,"соуси та спеції"
"348","паста томатна",2021-09-01,56.9894444444444,"Q1",-11,"соуси та спеції"
"349","кетчуп томатний",2021-09-01,46,"Q1",-1.7,"соуси та спеції"
"350","кукурудза консервована",2021-09-01,84.3658088235294,"Q1",0,"консервовані овочі і гриби"
"351","горошок консервований",2021-09-01,64.2672883787661,"Q1",0,"консервовані овочі і гриби"
"352","гриби консервовані",2021-09-01,112.306517755868,"Q1",-7.9,"консервовані овочі і гриби"
"353","зефір",2021-09-01,106.25,"Q1",-4,"солодощі"
"354","печиво затяжне",2021-09-01,73.1083333333333,"Q1",-7.4,"солодощі"
"355","кава мелена",2021-09-01,277.95,"Q1",-1.6,"кава і чай"
"356","кава розчинна",2021-09-01,834.947368421053,"Q1",-2.4,"кава і чай"
"357","сік апельсиновий",2021-09-01,42.46,"Q1",18,"безалкогольні напої"
"358","сік яблучний",2021-09-01,23.0186842105263,"Q1",2.8,"безалкогольні напої"
"359","сигарети з фільтром медіум класу",2021-09-01,58.75,"Q1",1.3,"сигарети"
"360","сигарети з фільтром преміум класу",2021-09-01,62.5,"Q1",0,"сигарети"
"361","печиво здобне",2021-09-01,69,"min",-5.7,"солодощі"
"362","хліб житньо-пшеничний",2021-09-01,30.9333333333333,"min",0,"хліб"
"363","батон",2021-09-01,9.29,"min",9.7,"хліб"
"364","хліб цільнозерновий",2021-09-01,51,"min",5.2,"хліб"
"365","хліб пшеничний",2021-09-01,9.48,"min",-55,"хліб"
"366","торти",2021-09-01,124.545454545455,"min",1.5,"солодощі"
"367","лимони",2021-09-01,39.9,"min",-7,"фрукти"
"368","банани",2021-09-01,25.8,"min",18,"фрукти"
"369","кавуни",2021-09-01,4.9,"min",-17,"фрукти"
"370","авокадо",2021-09-01,14.9,"min",NA,"фрукти"
"371","виноград",2021-09-01,37.9,"min",-24,"фрукти"
"372","яблука",2021-09-01,11.9,"min",-40,"фрукти"
"373","апельсини",2021-09-01,44.5,"min",-3.1,"фрукти"
"374","ягоди",2021-09-01,318,"min",110,"фрукти"
"375","ківі",2021-09-01,85.9,"min",-14,"фрукти"
"376","мандарини",2021-09-01,67.9,"min",55,"фрукти"
"377","цибуля ріпчаста",2021-09-01,8.2,"min",-13,"овочі"
"378","картопля",2021-09-01,7.8,"min",15,"овочі"
"379","морква",2021-09-01,7.2,"min",22,"овочі"
"380","кабачки",2021-09-01,16.9,"min",69,"овочі"
"381","перець солодкий",2021-09-01,27.9,"min",48,"овочі"
"382","буряк",2021-09-01,6.9,"min",6.2,"овочі"
"383","баклажани",2021-09-01,29.9,"min",130,"овочі"
"384","капуста білокачанна",2021-09-01,4.7,"min",-13,"овочі"
"385","часник",2021-09-01,13.9,"min",-80,"овочі"
"386","помідори",2021-09-01,174,"min",64,"овочі"
"387","гриби",2021-09-01,64.1176470588235,"min",40,"овочі"
"388","салати",2021-09-01,31.5,"min",5.4,"овочі"
"389","сухофрукти",2021-09-01,61.9,"min",0,"сухофрукти"
"390","цукати",2021-09-01,227.133333333333,"min",0,"солодощі"
"391","сири розсольні",2021-09-01,114.5,"min",-1.6,"молочна продукція та яйця"
"392","крем-сир",2021-09-01,86.91,"min",0,"молочна продукція та яйця"
"393","сири плавлені",2021-09-01,141.909090909091,"min",2,"молочна продукція та яйця"
"394","молоко пастеризоване жирністю до 2,6% включно",2021-09-01,26.1927945472249,"min",13,"молочна продукція та яйця"
"395","молоко з підвищеним вмістом жиру",2021-09-01,29.1139240506329,"min",20,"молочна продукція та яйця"
"396","сири м’які нежирні",2021-09-01,97.5,"min",-3.9,"молочна продукція та яйця"
"397","сири м’які жирні",2021-09-01,117,"min",47,"молочна продукція та яйця"
"398","сирки та сиркова маса",2021-09-01,119.5,"min",-9.6,"молочна продукція та яйця"
"399","сметана жирністю до 15% включно",2021-09-01,33.8840579710145,"min",-40,"молочна продукція та яйця"
"400","сметана з підвищеним вмістом жиру",2021-09-01,69,"min",53,"молочна продукція та яйця"
"401","йогурт",2021-09-01,30.75,"min",-1.5,"молочна продукція та яйця"
"402","морозиво",2021-09-01,23.9,"min",50,"солодощі"
"403","кефір 2.5%",2021-09-01,22.7777777777778,"min",5.1,"молочна продукція та яйця"
"404","масло вершкове 73%",2021-09-01,169,"min",6.5,"молочна продукція та яйця"
"405","масло вершкове 82%",2021-09-01,54.2,"min",-76,"молочна продукція та яйця"
"406","маргарин",2021-09-01,79.8,"min",2.3,"молочна продукція та яйця"
"407","яйця",2021-09-01,22.4,"min",11,"молочна продукція та яйця"
"408","філе куряче",2021-09-01,52.82,"min",9.7,"м’ясо"
"409","свинина",2021-09-01,99.5,"min",-17,"м’ясо"
"410","вирізка свиняча",2021-09-01,171.95,"min",1.8,"м’ясо"
"411","свинина ребра",2021-09-01,129.95,"min",0,"м’ясо"
"412","свинина гуляш",2021-09-01,109.95,"min",0,"м’ясо"
"413","яловичина фарш",2021-09-01,155.95,"min",11,"м’ясо"
"414","субпродукти яловичні",2021-09-01,26.95,"min",0,"м’ясо"
"415","субпродукти свинячі",2021-09-01,36.95,"min",11,"м’ясо"
"416","свинина фарш",2021-09-01,104.95,"min",0.96,"м’ясо"
"417","яловичина",2021-09-01,125.95,"min",-31,"м’ясо"
"418","сало",2021-09-01,65.87,"min",-49,"м’ясо"
"419","яловичина ребра",2021-09-01,136.95,"min",22,"м’ясо"
"420","вироби з м’яса делікатесні",2021-09-01,115,"min",0,"ковбасні вироби"
"421","вирізка яловича",2021-09-01,549.1,"min",37,"м’ясо"
"422","риба червона",2021-09-01,349.9,"min",0,"риба та морепродукти"
"423","риба річна",2021-09-01,109.9,"min",-6.9,"риба та морепродукти"
"424","сосиски, сардельки вищого ґатунку",2021-09-01,98.5818181818182,"min",0,"ковбасні вироби"
"425","сосиски, сардельки першого ґатунку",2021-09-01,58.5,"min",0,"ковбасні вироби"
"426","ковбаси сирокопчені в/ґ",2021-09-01,250,"min",4.9,"ковбасні вироби"
"427","ковбаси варені вищого ґатунку",2021-09-01,117,"min",0,"ковбасні вироби"
"428","ковбаси варено-копчені в/ґ",2021-09-01,141.55,"min",0.8,"ковбасні вироби"
"429","ковбаси варені першого ґатунку",2021-09-01,59.5402298850575,"min",0,"ковбасні вироби"
"430","оселедці",2021-09-01,73.5,"min",-1.9,"риба та морепродукти"
"431","скумбрія копчена",2021-09-01,120.9,"min",-14,"риба та морепродукти"
"432","морепродукти",2021-09-01,11.9,"min",-62,"риба та морепродукти"
"433","ікра червона",2021-09-01,239.875,"min",26,"риба та морепродукти"
"434","риба морожена",2021-09-01,48.1,"min",0,"риба та морепродукти"
"435","філе мороженої риби",2021-09-01,108.9,"min",-0.57,"риба та морепродукти"
"436","броколі заморожена",2021-09-01,82.5,"min",-25,"овочі заморожені"
"437","пшоно",2021-09-01,17.07,"min",0,"бакалея"
"438","молочні суміші для дитячого харчування",2021-09-01,411.05,"min",48,"молочна продукція та яйця"
"439","сіль",2021-09-01,5.00666666666667,"min",0,"соуси та спеції"
"440","мед",2021-09-01,139.6,"min",110,"солодощі"
"441","солодка вода",2021-09-01,4.75,"min",0,"безалкогольні напої"
"442","карамель",2021-09-01,54.55,"min",2.7,"солодощі"
"443","чай у пакетиках",2021-09-01,383.8,"min",0,"кава і чай"
"444","вафлі",2021-09-01,98.75,"min",17,"солодощі"
"445","крупи гречані",2021-09-01,37.5,"min",14,"бакалея"
"446","рис",2021-09-01,20.3,"min",0,"бакалея"
"447","крупи манні",2021-09-01,16.65,"min",0,"бакалея"
"448","пластівці вівсяні",2021-09-01,27.1428571428571,"min",0,"бакалея"
"449","квасоля",2021-09-01,80.66,"min",0,"бакалея"
"450","крупи ячні",2021-09-01,16.41,"min",2.6,"бакалея"
"451","макарони",2021-09-01,21.2,"min",-25,"бакалея"
"452","борошно пшеничне",2021-09-01,13.7,"min",0,"бакалея"
"453","цукор",2021-09-01,27.4,"min",0,"бакалея"
"454","ром",2021-09-01,53.030303030303,"min",-1.8,"алкоголь"
"455","супи",2021-09-01,56.75,"min",0,"бакалея"
"456","олія соняшникова",2021-09-01,52.4705882352941,"min",0,"олія"
"457","олія оливкова",2021-09-01,115,"min",-32,"олія"
"458","віскі",2021-09-01,28,"min",56,"алкоголь"
"459","пиво",2021-09-01,14.95,"min",-23,"алкоголь"
"460","консерви рибні в олії",2021-09-01,153.266666666667,"min",0,"риба та морепродукти"
"461","вино біле сухе",2021-09-01,45,"min",0,"алкоголь"
"462","коньяк",2021-09-01,41,"min",0,"алкоголь"
"463","вино червоне сухе",2021-09-01,44.3,"min",0,"алкоголь"
"464","цукерки шоколадні",2021-09-01,123.9,"min",-2.1,"солодощі"
"465","шампанське",2021-09-01,68.6666666666667,"min",0,"алкоголь"
"466","горілка",2021-09-01,178.8,"min",0,"алкоголь"
"467","майонез",2021-09-01,41.4,"min",0,"соуси та спеції"
"468","паста томатна",2021-09-01,49.5876288659794,"min",0,"соуси та спеції"
"469","кетчуп томатний",2021-09-01,29.9666666666667,"min",0,"соуси та спеції"
"470","кукурудза консервована",2021-09-01,47.3809523809524,"min",0,"консервовані овочі і гриби"
"471","горошок консервований",2021-09-01,31.1764705882353,"min",0,"консервовані овочі і гриби"
"472","гриби консервовані",2021-09-01,81.25,"min",-18,"консервовані овочі і гриби"
"473","зефір",2021-09-01,83.32,"min",-3.6,"солодощі"
"474","печиво затяжне",2021-09-01,66,"min",-12,"солодощі"
"475","кава мелена",2021-09-01,187.64,"min",2.2,"кава і чай"
"476","кава розчинна",2021-09-01,75.9,"min",-83,"кава і чай"
"477","сік апельсиновий",2021-09-01,25.9,"min",0,"безалкогольні напої"
"478","сік яблучний",2021-09-01,16,"min",-11,"безалкогольні напої"
"479","сигарети з фільтром медіум класу",2021-09-01,57,"min",0,"сигарети"
"480","сигарети з фільтром преміум класу",2021-09-01,62.5,"min",1.6,"сигарети"
"481","батон",2021-10-01,39.2666666666667,"Q1",-9.5,"хліб"
"482","хліб житньо-пшеничний",2021-10-01,47.6875,"Q1",0.013,"хліб"
"483","хліб цільнозерновий",2021-10-01,51,"Q1",-10,"хліб"
"484","хліб пшеничний",2021-10-01,35.0925,"Q1",6.6,"хліб"
"485","торти",2021-10-01,213.645,"Q1",-6.6,"солодощі"
"486","банани",2021-10-01,27.35,"Q1",6,"фрукти"
"487","авокадо",2021-10-01,22.9,"Q1",54,"фрукти"
"488","кавуни",2021-10-01,6.2,"Q1",1.6,"фрукти"
"489","яблука",2021-10-01,16.8,"Q1",0,"фрукти"
"490","апельсини",2021-10-01,44.5,"Q1",-3.1,"фрукти"
"491","виноград",2021-10-01,47.25,"Q1",-13,"фрукти"
"492","ягоди",2021-10-01,338,"Q1",3.2,"фрукти"
"493","ківі",2021-10-01,74.5,"Q1",-16,"фрукти"
"494","мандарини",2021-10-01,37.05,"Q1",-48,"фрукти"
"495","лимони",2021-10-01,34.65,"Q1",-39,"фрукти"
"496","цибуля ріпчаста",2021-10-01,13.9,"Q1",-0.54,"овочі"
"497","морква",2021-10-01,7.6,"Q1",-23,"овочі"
"498","картопля",2021-10-01,12.795,"Q1",0.75,"овочі"
"499","перець солодкий",2021-10-01,24.9,"Q1",-23,"овочі"
"500","буряк",2021-10-01,7.9,"Q1",-26,"овочі"
"501","капуста білокачанна",2021-10-01,6.05,"Q1",29,"овочі"
"502","баклажани",2021-10-01,32.9,"Q1",10,"овочі"
"503","часник",2021-10-01,32.65,"Q1",13,"овочі"
"504","помідори",2021-10-01,189.4,"Q1",8.9,"овочі"
"505","гриби",2021-10-01,71.625,"Q1",-2.9,"овочі"
"506","салати",2021-10-01,151.714285714286,"Q1",0,"овочі"
"507","сухофрукти",2021-10-01,156,"Q1",-3.4,"сухофрукти"
"508","цукати",2021-10-01,265.133333333333,"Q1",3.7,"солодощі"
"509","сири плавлені",2021-10-01,196,"Q1",0,"молочна продукція та яйця"
"510","сири розсольні",2021-10-01,178.24,"Q1",-12,"молочна продукція та яйця"
"511","крем-сир",2021-10-01,251.3,"Q1",-3.3,"молочна продукція та яйця"
"512","молоко пастеризоване жирністю до 2,6% включно",2021-10-01,29.0333333333333,"Q1",-4.5,"молочна продукція та яйця"
"513","молоко з підвищеним вмістом жиру",2021-10-01,32.87,"Q1",3.7,"молочна продукція та яйця"
"514","сири м’які нежирні",2021-10-01,128.657142857143,"Q1",-0.74,"молочна продукція та яйця"
"515","сири м’які жирні",2021-10-01,136.433333333333,"Q1",-0.62,"молочна продукція та яйця"
"516","сирки та сиркова маса",2021-10-01,144.388888888889,"Q1",6.2,"молочна продукція та яйця"
"517","сметана жирністю до 15% включно",2021-10-01,77.4710424710425,"Q1",5.6,"молочна продукція та яйця"
"518","сметана з підвищеним вмістом жиру",2021-10-01,94.8,"Q1",-2.8,"молочна продукція та яйця"
"519","йогурт",2021-10-01,57.9411764705882,"Q1",-6.3,"молочна продукція та яйця"
"520","морозиво",2021-10-01,172.3,"Q1",11,"солодощі"
"521","кефір 2.5%",2021-10-01,34.3895833333333,"Q1",-0.5,"молочна продукція та яйця"
"522","масло вершкове 73%",2021-10-01,239.5,"Q1",1.7,"молочна продукція та яйця"
"523","масло вершкове 82%",2021-10-01,277,"Q1",9.9,"молочна продукція та яйця"
"524","маргарин",2021-10-01,83.6,"Q1",-1.4,"молочна продукція та яйця"
"525","яйця",2021-10-01,36.0825,"Q1",0.37,"молочна продукція та яйця"
"526","філе куряче",2021-10-01,126.7375,"Q1",-1.4,"м’ясо"
"527","свинина",2021-10-01,121.95,"Q1",3.4,"м’ясо"
"528","свинина ребра",2021-10-01,106.95,"Q1",-18,"м’ясо"
"529","свинина гуляш",2021-10-01,109.95,"Q1",0,"м’ясо"
"530","субпродукти яловичні",2021-10-01,32.95,"Q1",-4.4,"м’ясо"
"531","свинина фарш",2021-10-01,109.45,"Q1",1.4,"м’ясо"
"532","субпродукти свинячі",2021-10-01,37.91,"Q1",-0.026,"м’ясо"
"533","яловичина",2021-10-01,217.95,"Q1",0,"м’ясо"
"534","яловичина фарш",2021-10-01,155.95,"Q1",-5.9,"м’ясо"
"535","яловичина ребра",2021-10-01,136.95,"Q1",0,"м’ясо"
"536","вирізка свиняча",2021-10-01,172.95,"Q1",0.44,"м’ясо"
"537","сало",2021-10-01,165.841666666667,"Q1",52,"м’ясо"
"538","риба червона",2021-10-01,329,"Q1",-6,"риба та морепродукти"
"539","риба річна",2021-10-01,109.9,"Q1",-8.3,"риба та морепродукти"
"540","сосиски, сардельки вищого ґатунку",2021-10-01,174.042553191489,"Q1",2.1,"ковбасні вироби"
"541","сосиски, сардельки першого ґатунку",2021-10-01,104.54,"Q1",2.1,"ковбасні вироби"
"542","ковбаси сирокопчені в/ґ",2021-10-01,375.333333333333,"Q1",-0.94,"ковбасні вироби"
"543","ковбаси варені вищого ґатунку",2021-10-01,166.375,"Q1",4.6,"ковбасні вироби"
"544","ковбаси варено-копчені в/ґ",2021-10-01,230.071428571429,"Q1",2.5,"ковбасні вироби"
"545","ковбаси варені першого ґатунку",2021-10-01,106.83,"Q1",0.2,"ковбасні вироби"
"546","вироби з м’яса делікатесні",2021-10-01,252.88,"Q1",2.6,"ковбасні вироби"
"547","оселедці",2021-10-01,149.444444444444,"Q1",-1.9,"риба та морепродукти"
"548","скумбрія копчена",2021-10-01,232.04,"Q1",18,"риба та морепродукти"
"549","морепродукти",2021-10-01,197.15,"Q1",-12,"риба та морепродукти"
"550","ікра червона",2021-10-01,1165.4375,"Q1",-8,"риба та морепродукти"
"551","риба морожена",2021-10-01,71.5,"Q1",20,"риба та морепродукти"
"552","філе мороженої риби",2021-10-01,136.471428571429,"Q1",5.7,"риба та морепродукти"
"553","броколі заморожена",2021-10-01,74.75,"Q1",-18,"овочі заморожені"
"554","сіль",2021-10-01,28.12,"Q1",0,"соуси та спеції"
"555","мед",2021-10-01,170.475,"Q1",13,"солодощі"
"556","крупи гречані",2021-10-01,50.2,"Q1",-0.77,"бакалея"
"557","рис",2021-10-01,40.57,"Q1",-1.9,"бакалея"
"558","крупи манні",2021-10-01,19.225,"Q1",0.2,"бакалея"
"559","пластівці вівсяні",2021-10-01,34.58,"Q1",25,"бакалея"
"560","пшоно",2021-10-01,19.955,"Q1",2.3,"бакалея"
"561","квасоля",2021-10-01,90,"Q1",-0.19,"бакалея"
"562","крупи ячні",2021-10-01,17.818125,"Q1",-2.6,"бакалея"
"563","макарони",2021-10-01,48.275,"Q1",-12,"бакалея"
"564","борошно пшеничне",2021-10-01,15.4444444444444,"Q1",0,"бакалея"
"565","цукор",2021-10-01,27.975,"Q1",-0.089,"бакалея"
"566","ром",2021-10-01,402.74,"Q1",15,"алкоголь"
"567","супи",2021-10-01,198.5,"Q1",-0.65,"бакалея"
"568","пиво",2021-10-01,37.45,"Q1",-0.82,"алкоголь"
"569","горілка",2021-10-01,180,"Q1",-2.3,"алкоголь"
"570","вино червоне сухе",2021-10-01,146.666666666667,"Q1",3.8,"алкоголь"
"571","вино біле сухе",2021-10-01,152.2,"Q1",4.2,"алкоголь"
"572","віскі",2021-10-01,570,"Q1",7.8,"алкоголь"
"573","коньяк",2021-10-01,303.82,"Q1",-0.043,"алкоголь"
"574","майонез",2021-10-01,75,"Q1",0.26,"соуси та спеції"
"575","паста томатна",2021-10-01,65.0942028985507,"Q1",14,"соуси та спеції"
"576","кетчуп томатний",2021-10-01,46.325,"Q1",0.71,"соуси та спеції"
"577","олія соняшникова",2021-10-01,67.764705882353,"Q1",-0.9,"олія"
"578","олія оливкова",2021-10-01,340.55,"Q1",3.6,"олія"
"579","консерви рибні в олії",2021-10-01,232.608695652174,"Q1",1.7,"риба та морепродукти"
"580","кукурудза консервована",2021-10-01,87.625,"Q1",3.9,"консервовані овочі і гриби"
"581","горошок консервований",2021-10-01,66.0975609756098,"Q1",2.8,"консервовані овочі і гриби"
"582","гриби консервовані",2021-10-01,109.68152866242,"Q1",-2.3,"консервовані овочі і гриби"
"583","карамель",2021-10-01,71.335,"Q1",1.5,"солодощі"
"584","зефір",2021-10-01,113.69,"Q1",7,"солодощі"
"585","цукерки шоколадні",2021-10-01,369.382352941177,"Q1",19,"солодощі"
"586","печиво здобне",2021-10-01,104.828571428571,"Q1",-2.5,"солодощі"
"587","вафлі",2021-10-01,122.114285714286,"Q1",0.27,"солодощі"
"588","печиво затяжне",2021-10-01,66,"Q1",-9.7,"солодощі"
"589","сік апельсиновий",2021-10-01,34.6315789473684,"Q1",-18,"безалкогольні напої"
"590","сік яблучний",2021-10-01,25.8947368421053,"Q1",12,"безалкогольні напої"
"591","шампанське",2021-10-01,145.933333333333,"Q1",-30,"алкоголь"
"592","кава мелена",2021-10-01,290.6,"Q1",4.6,"кава і чай"
"593","кава розчинна",2021-10-01,836.26052631579,"Q1",0.16,"кава і чай"
"594","чай у пакетиках",2021-10-01,568.8,"Q1",-0.8,"кава і чай"
"595","солодка вода",2021-10-01,13.9,"Q1",15,"безалкогольні напої"
"596","сигарети з фільтром медіум класу",2021-10-01,59.375,"Q1",1.1,"сигарети"
"597","сигарети з фільтром преміум класу",2021-10-01,62.5,"Q1",0,"сигарети"
"598","молочні суміші для дитячого харчування",2021-10-01,574.0625,"Q1",8.4,"молочна продукція та яйця"
"599","кабачки",2021-10-01,22.9,"Q1",36,"овочі"
"600","огірки",2021-10-01,35.1,"Q1",60,"овочі"
"601","вирізка яловича",2021-10-01,477.025,"Q1",-13,"м’ясо"
"602","батон",2021-10-01,9.29,"min",0,"хліб"
"603","хліб житньо-пшеничний",2021-10-01,30.9333333333333,"min",0,"хліб"
"604","хліб цільнозерновий",2021-10-01,31.25,"min",-39,"хліб"
"605","хліб пшеничний",2021-10-01,16.6666666666667,"min",76,"хліб"
"606","торти",2021-10-01,60,"min",-52,"солодощі"
"607","банани",2021-10-01,26.9,"min",4.3,"фрукти"
"608","авокадо",2021-10-01,14.9,"min",0,"фрукти"
"609","кавуни",2021-10-01,4.9,"min",0,"фрукти"
"610","яблука",2021-10-01,8.9,"min",-25,"фрукти"
"611","апельсини",2021-10-01,42.9,"min",-3.6,"фрукти"
"612","виноград",2021-10-01,37.9,"min",0,"фрукти"
"613","ягоди",2021-10-01,318,"min",0,"фрукти"
"614","ківі",2021-10-01,69.5,"min",-19,"фрукти"
"615","мандарини",2021-10-01,24.5,"min",-64,"фрукти"
"616","лимони",2021-10-01,32.9,"min",-18,"фрукти"
"617","цибуля ріпчаста",2021-10-01,8.7,"min",6.1,"овочі"
"618","морква",2021-10-01,6.9,"min",-4.2,"овочі"
"619","картопля",2021-10-01,7.3,"min",-6.4,"овочі"
"620","перець солодкий",2021-10-01,19.5,"min",-30,"овочі"
"621","буряк",2021-10-01,7.6,"min",10,"овочі"
"622","капуста білокачанна",2021-10-01,4.7,"min",0,"овочі"
"623","баклажани",2021-10-01,29.9,"min",0,"овочі"
"624","часник",2021-10-01,13.9,"min",0,"овочі"
"625","помідори",2021-10-01,174,"min",0,"овочі"
"626","гриби",2021-10-01,52.9,"min",-17,"овочі"
"627","салати",2021-10-01,31.5,"min",0,"овочі"
"628","сухофрукти",2021-10-01,61.9,"min",0,"сухофрукти"
"629","цукати",2021-10-01,227.133333333333,"min",0,"солодощі"
"630","сири плавлені",2021-10-01,116.888888888889,"min",-18,"молочна продукція та яйця"
"631","сири розсольні",2021-10-01,96.3333333333333,"min",-16,"молочна продукція та яйця"
"632","крем-сир",2021-10-01,37.9,"min",-56,"молочна продукція та яйця"
"633","молоко пастеризоване жирністю до 2,6% включно",2021-10-01,24.3333333333333,"min",-7.1,"молочна продукція та яйця"
"634","молоко з підвищеним вмістом жиру",2021-10-01,29.1139240506329,"min",0,"молочна продукція та яйця"
"635","сири м’які нежирні",2021-10-01,97.5,"min",0,"молочна продукція та яйця"
"636","сири м’які жирні",2021-10-01,87.8,"min",-25,"молочна продукція та яйця"
"637","сирки та сиркова маса",2021-10-01,105.555555555556,"min",-12,"молочна продукція та яйця"
"638","сметана жирністю до 15% включно",2021-10-01,38.8,"min",15,"молочна продукція та яйця"
"639","сметана з підвищеним вмістом жиру",2021-10-01,69,"min",0,"молочна продукція та яйця"
"640","йогурт",2021-10-01,29.6666666666667,"min",-3.5,"молочна продукція та яйця"
"641","морозиво",2021-10-01,23.9,"min",0,"солодощі"
"642","кефір 2.5%",2021-10-01,22.7777777777778,"min",0,"молочна продукція та яйця"
"643","масло вершкове 73%",2021-10-01,169,"min",0,"молочна продукція та яйця"
"644","масло вершкове 82%",2021-10-01,54.2,"min",0,"молочна продукція та яйця"
"645","маргарин",2021-10-01,62.72,"min",-21,"молочна продукція та яйця"
"646","яйця",2021-10-01,12.9,"min",-42,"молочна продукція та яйця"
"647","філе куряче",2021-10-01,52.82,"min",0,"м’ясо"
"648","свинина",2021-10-01,93.9,"min",-5.6,"м’ясо"
"649","свинина ребра",2021-10-01,106.95,"min",-18,"м’ясо"
"650","свинина гуляш",2021-10-01,105.95,"min",-3.6,"м’ясо"
"651","субпродукти яловичні",2021-10-01,26.95,"min",0,"м’ясо"
"652","свинина фарш",2021-10-01,104.95,"min",0,"м’ясо"
"653","субпродукти свинячі",2021-10-01,36.95,"min",0,"м’ясо"
"654","яловичина",2021-10-01,125.95,"min",0,"м’ясо"
"655","яловичина фарш",2021-10-01,155.95,"min",0,"м’ясо"
"656","яловичина ребра",2021-10-01,136.95,"min",0,"м’ясо"
"657","вирізка свиняча",2021-10-01,162.95,"min",-5.2,"м’ясо"
"658","сало",2021-10-01,108.75,"min",65,"м’ясо"
"659","риба червона",2021-10-01,229,"min",-35,"риба та морепродукти"
"660","риба річна",2021-10-01,109,"min",-0.82,"риба та морепродукти"
"661","сосиски, сардельки вищого ґатунку",2021-10-01,98.5818181818182,"min",0,"ковбасні вироби"
"662","сосиски, сардельки першого ґатунку",2021-10-01,58.5,"min",0,"ковбасні вироби"
"663","ковбаси сирокопчені в/ґ",2021-10-01,263,"min",5.2,"ковбасні вироби"
"664","ковбаси варені вищого ґатунку",2021-10-01,117,"min",0,"ковбасні вироби"
"665","ковбаси варено-копчені в/ґ",2021-10-01,141.55,"min",0,"ковбасні вироби"
"666","ковбаси варені першого ґатунку",2021-10-01,59.5402298850575,"min",0,"ковбасні вироби"
"667","вироби з м’яса делікатесні",2021-10-01,82.52,"min",-28,"ковбасні вироби"
"668","оселедці",2021-10-01,73.5,"min",0,"риба та морепродукти"
"669","скумбрія копчена",2021-10-01,129.9,"min",7.4,"риба та морепродукти"
"670","морепродукти",2021-10-01,11.9,"min",0,"риба та морепродукти"
"671","ікра червона",2021-10-01,190.652173913043,"min",-21,"риба та морепродукти"
"672","риба морожена",2021-10-01,48.1,"min",0,"риба та морепродукти"
"673","філе мороженої риби",2021-10-01,106.24,"min",-2.4,"риба та морепродукти"
"674","броколі заморожена",2021-10-01,74.75,"min",-9.4,"овочі заморожені"
"675","сіль",2021-10-01,6.02,"min",20,"соуси та спеції"
"676","мед",2021-10-01,65.45,"min",-53,"солодощі"
"677","крупи гречані",2021-10-01,33,"min",-12,"бакалея"
"678","рис",2021-10-01,20.3,"min",0,"бакалея"
"679","крупи манні",2021-10-01,16.65,"min",0,"бакалея"
"680","пластівці вівсяні",2021-10-01,19,"min",-30,"бакалея"
"681","пшоно",2021-10-01,17.07,"min",0,"бакалея"
"682","квасоля",2021-10-01,80.66,"min",0,"бакалея"
"683","крупи ячні",2021-10-01,16,"min",-2.5,"бакалея"
"684","макарони",2021-10-01,16,"min",-25,"бакалея"
"685","борошно пшеничне",2021-10-01,13.45,"min",-1.8,"бакалея"
"686","цукор",2021-10-01,25.8333333333333,"min",-5.7,"бакалея"
"687","ром",2021-10-01,54,"min",1.8,"алкоголь"
"688","супи",2021-10-01,56.75,"min",0,"бакалея"
"689","пиво",2021-10-01,14.6363636363636,"min",-2.1,"алкоголь"
"690","горілка",2021-10-01,178.8,"min",0,"алкоголь"
"691","вино червоне сухе",2021-10-01,44.3,"min",0,"алкоголь"
"692","вино біле сухе",2021-10-01,51,"min",13,"алкоголь"
"693","віскі",2021-10-01,23,"min",-18,"алкоголь"
"694","коньяк",2021-10-01,33,"min",-20,"алкоголь"
"695","майонез",2021-10-01,41.4,"min",0,"соуси та спеції"
"696","паста томатна",2021-10-01,47.672,"min",-3.9,"соуси та спеції"
"697","кетчуп томатний",2021-10-01,29.9666666666667,"min",0,"соуси та спеції"
"698","олія соняшникова",2021-10-01,52.4705882352941,"min",0,"олія"
"699","олія оливкова",2021-10-01,115,"min",0,"олія"
"700","консерви рибні в олії",2021-10-01,153.266666666667,"min",0,"риба та морепродукти"
"701","кукурудза консервована",2021-10-01,47.3809523809524,"min",0,"консервовані овочі і гриби"
"702","горошок консервований",2021-10-01,31.1764705882353,"min",0,"консервовані овочі і гриби"
"703","гриби консервовані",2021-10-01,93.4583333333333,"min",15,"консервовані овочі і гриби"
"704","карамель",2021-10-01,54.55,"min",0,"солодощі"
"705","зефір",2021-10-01,80.91,"min",-2.9,"солодощі"
"706","цукерки шоколадні",2021-10-01,123.9,"min",0,"солодощі"
"707","печиво здобне",2021-10-01,29.6666666666667,"min",-57,"солодощі"
"708","вафлі",2021-10-01,84.5,"min",-14,"солодощі"
"709","печиво затяжне",2021-10-01,66,"min",0,"солодощі"
"710","сік апельсиновий",2021-10-01,24,"min",-7.3,"безалкогольні напої"
"711","сік яблучний",2021-10-01,17.47,"min",9.2,"безалкогольні напої"
"712","шампанське",2021-10-01,68.6666666666667,"min",0,"алкоголь"
"713","кава мелена",2021-10-01,165.875,"min",-12,"кава і чай"
"714","кава розчинна",2021-10-01,80.55,"min",6.1,"кава і чай"
"715","чай у пакетиках",2021-10-01,278.933333333333,"min",-27,"кава і чай"
"716","солодка вода",2021-10-01,4.75,"min",0,"безалкогольні напої"
"717","сигарети з фільтром медіум класу",2021-10-01,57,"min",0,"сигарети"
"718","сигарети з фільтром преміум класу",2021-10-01,62.5,"min",0,"сигарети"
"719","молочні суміші для дитячого харчування",2021-10-01,340,"min",-17,"молочна продукція та яйця"
"720","кабачки",2021-10-01,15.9,"min",-5.9,"овочі"
"721","огірки",2021-10-01,29.5,"min",35,"овочі"
"722","вирізка яловича",2021-10-01,404.95,"min",-26,"м’ясо"
"723","батон",2021-11-01,46.4275,"Q1",18,"хліб"
"724","хліб цільнозерновий",2021-11-01,56.1666666666667,"Q1",10,"хліб"
"725","хліб житньо-пшеничний",2021-11-01,47,"Q1",-1.4,"хліб"
"726","хліб пшеничний",2021-11-01,36.4791666666667,"Q1",4,"хліб"
"727","торти",2021-11-01,176.366666666667,"Q1",-17,"солодощі"
"728","банани",2021-11-01,27.8,"Q1",1.6,"фрукти"
"729","мандарини",2021-11-01,38.5,"Q1",3.9,"фрукти"
"730","авокадо",2021-11-01,62.5,"Q1",170,"фрукти"
"731","виноград",2021-11-01,48.85,"Q1",3.4,"фрукти"
"732","апельсини",2021-11-01,42.9,"Q1",-3.6,"фрукти"
"733","яблука",2021-11-01,15.9,"Q1",-5.4,"фрукти"
"734","ківі",2021-11-01,42.4,"Q1",-43,"фрукти"
"735","лимони",2021-11-01,24.9,"Q1",-28,"фрукти"
"736","ягоди",2021-11-01,145.75,"Q1",-57,"фрукти"
"737","кавуни",2021-11-01,8.9,"Q1",44,"фрукти"
"738","цибуля ріпчаста",2021-11-01,16.9,"Q1",22,"овочі"
"739","морква",2021-11-01,15.975,"Q1",110,"овочі"
"740","перець солодкий",2021-11-01,34.9,"Q1",40,"овочі"
"741","буряк",2021-11-01,8.9,"Q1",13,"овочі"
"742","капуста білокачанна",2021-11-01,8.0625,"Q1",33,"овочі"
"743","кабачки",2021-11-01,57.4,"Q1",150,"овочі"
"744","картопля",2021-11-01,12.9,"Q1",0.82,"овочі"
"745","баклажани",2021-11-01,49.5,"Q1",50,"овочі"
"746","часник",2021-11-01,64.9,"Q1",99,"овочі"
"747","помідори",2021-11-01,119.6,"Q1",-37,"овочі"
"748","огірки",2021-11-01,37.9,"Q1",8,"овочі"
"749","гриби",2021-11-01,69.75,"Q1",-2.6,"овочі"
"750","салати",2021-11-01,150,"Q1",-1.1,"овочі"
"751","сухофрукти",2021-11-01,169.9,"Q1",8.9,"сухофрукти"
"752","цукати",2021-11-01,265.133333333333,"Q1",0,"солодощі"
"753","сири розсольні",2021-11-01,200,"Q1",12,"молочна продукція та яйця"
"754","сири плавлені",2021-11-01,194,"Q1",-1,"молочна продукція та яйця"
"755","крем-сир",2021-11-01,251.3,"Q1",0,"молочна продукція та яйця"
"756","молоко пастеризоване жирністю до 2,6% включно",2021-11-01,31.75,"Q1",9.4,"молочна продукція та яйця"
"757","молоко з підвищеним вмістом жиру",2021-11-01,32.8025,"Q1",-0.21,"молочна продукція та яйця"
"758","сири м’які нежирні",2021-11-01,132.878787878788,"Q1",3.3,"молочна продукція та яйця"
"759","сири м’які жирні",2021-11-01,139.777777777778,"Q1",2.5,"молочна продукція та яйця"
"760","сирки та сиркова маса",2021-11-01,135,"Q1",-6.5,"молочна продукція та яйця"
"761","сметана жирністю до 15% включно",2021-11-01,75.2105263157895,"Q1",-2.9,"молочна продукція та яйця"
"762","сметана з підвищеним вмістом жиру",2021-11-01,93.6,"Q1",-1.3,"молочна продукція та яйця"
"763","йогурт",2021-11-01,62.5714285714286,"Q1",8,"молочна продукція та яйця"
"764","морозиво",2021-11-01,179.656015037594,"Q1",4.3,"солодощі"
"765","кефір 2.5%",2021-11-01,33.2222222222222,"Q1",-3.4,"молочна продукція та яйця"
"766","масло вершкове 82%",2021-11-01,279.325,"Q1",0.84,"молочна продукція та яйця"
"767","масло вершкове 73%",2021-11-01,236.277777777778,"Q1",-1.3,"молочна продукція та яйця"
"768","маргарин",2021-11-01,83.2,"Q1",-0.48,"молочна продукція та яйця"
"769","яйця",2021-11-01,34.5,"Q1",-4.4,"молочна продукція та яйця"
"770","філе куряче",2021-11-01,129.7,"Q1",2.3,"м’ясо"
"771","свинина",2021-11-01,117.95,"Q1",-3.3,"м’ясо"
"772","свинина гуляш",2021-11-01,105.95,"Q1",-3.6,"м’ясо"
"773","яловичина фарш",2021-11-01,160.68,"Q1",3,"м’ясо"
"774","свинина ребра",2021-11-01,112.95,"Q1",5.6,"м’ясо"
"775","субпродукти яловичні",2021-11-01,35.95,"Q1",9.1,"м’ясо"
"776","вирізка свиняча",2021-11-01,172.45,"Q1",-0.29,"м’ясо"
"777","свинина фарш",2021-11-01,104.9375,"Q1",-4.1,"м’ясо"
"778","яловичина",2021-11-01,232.95,"Q1",6.9,"м’ясо"
"779","субпродукти свинячі",2021-11-01,37.84,"Q1",-0.18,"м’ясо"
"780","яловичина ребра",2021-11-01,136.95,"Q1",0,"м’ясо"
"781","сало",2021-11-01,116.36,"Q1",-30,"м’ясо"
"782","вирізка яловича",2021-11-01,425.95,"Q1",-11,"м’ясо"
"783","риба червона",2021-11-01,354.45,"Q1",7.7,"риба та морепродукти"
"784","риба річна",2021-11-01,69,"Q1",-37,"риба та морепродукти"
"785","сосиски, сардельки вищого ґатунку",2021-11-01,179.38,"Q1",3.1,"ковбасні вироби"
"786","сосиски, сардельки першого ґатунку",2021-11-01,115.1975,"Q1",10,"ковбасні вироби"
"787","ковбаси сирокопчені в/ґ",2021-11-01,394.1,"Q1",5,"ковбасні вироби"
"788","ковбаси варені вищого ґатунку",2021-11-01,161.06,"Q1",-3.2,"ковбасні вироби"
"789","ковбаси варено-копчені в/ґ",2021-11-01,221.94,"Q1",-3.5,"ковбасні вироби"
"790","ковбаси варені першого ґатунку",2021-11-01,106.83,"Q1",0,"ковбасні вироби"
"791","вироби з м’яса делікатесні",2021-11-01,253.97,"Q1",0.43,"ковбасні вироби"
"792","оселедці",2021-11-01,143.229166666667,"Q1",-4.2,"риба та морепродукти"
"793","скумбрія копчена",2021-11-01,207.8,"Q1",-10,"риба та морепродукти"
"794","морепродукти",2021-11-01,182.5,"Q1",-7.4,"риба та морепродукти"
"795","ікра червона",2021-11-01,1362.5,"Q1",17,"риба та морепродукти"
"796","вино червоне сухе",2021-11-01,159.866666666667,"Q1",9,"алкоголь"
"797","вино біле сухе",2021-11-01,153.266666666667,"Q1",0.7,"алкоголь"
"798","сіль",2021-11-01,27.8571428571429,"Q1",-0.93,"соуси та спеції"
"799","пиво",2021-11-01,42.52,"Q1",14,"алкоголь"
"800","мед",2021-11-01,159.78,"Q1",-6.3,"солодощі"
"801","крупи гречані",2021-11-01,50.98125,"Q1",1.6,"бакалея"
"802","рис",2021-11-01,49.25,"Q1",21,"бакалея"
"803","пластівці вівсяні",2021-11-01,34.25,"Q1",-0.95,"бакалея"
"804","крупи манні",2021-11-01,19.15,"Q1",-0.39,"бакалея"
"805","пшоно",2021-11-01,20.41,"Q1",2.3,"бакалея"
"806","квасоля",2021-11-01,88.4125,"Q1",-1.8,"бакалея"
"807","крупи ячні",2021-11-01,17.04,"Q1",-4.4,"бакалея"
"808","макарони",2021-11-01,48.275,"Q1",0,"бакалея"
"809","борошно пшеничне",2021-11-01,17.1,"Q1",11,"бакалея"
"810","цукор",2021-11-01,27.2,"Q1",-2.8,"бакалея"
"811","ром",2021-11-01,402.685714285714,"Q1",-0.013,"алкоголь"
"812","коньяк",2021-11-01,304.24,"Q1",0.14,"алкоголь"
"813","супи",2021-11-01,206.731818181818,"Q1",4.1,"бакалея"
"814","віскі",2021-11-01,508.471428571429,"Q1",-11,"алкоголь"
"815","шампанське",2021-11-01,146.533333333333,"Q1",0.41,"алкоголь"
"816","горілка",2021-11-01,184.285714285714,"Q1",2.4,"алкоголь"
"817","майонез",2021-11-01,71.6666666666667,"Q1",-4.4,"соуси та спеції"
"818","паста томатна",2021-11-01,55.01,"Q1",-15,"соуси та спеції"
"819","кетчуп томатний",2021-11-01,44.75,"Q1",-3.4,"соуси та спеції"
"820","олія соняшникова",2021-11-01,63,"Q1",-7,"олія"
"821","олія оливкова",2021-11-01,328,"Q1",-3.7,"олія"
"822","консерви рибні в олії",2021-11-01,214.666666666667,"Q1",-7.7,"риба та морепродукти"
"823","кукурудза консервована",2021-11-01,74.5882352941177,"Q1",-15,"консервовані овочі і гриби"
"824","горошок консервований",2021-11-01,58.7764705882353,"Q1",-11,"консервовані овочі і гриби"
"825","гриби консервовані",2021-11-01,115.636796042618,"Q1",5.4,"консервовані овочі і гриби"
"826","карамель",2021-11-01,75.05,"Q1",5.2,"солодощі"
"827","зефір",2021-11-01,106.25,"Q1",-6.5,"солодощі"
"828","цукерки шоколадні",2021-11-01,331.930392156863,"Q1",-10,"солодощі"
"829","вафлі",2021-11-01,121.759259259259,"Q1",-0.29,"солодощі"
"830","печиво здобне",2021-11-01,100,"Q1",-4.6,"солодощі"
"831","печиво затяжне",2021-11-01,74.99,"Q1",14,"солодощі"
"832","сік апельсиновий",2021-11-01,37.8,"Q1",9.1,"безалкогольні напої"
"833","сік яблучний",2021-11-01,23.7368421052632,"Q1",-8.3,"безалкогольні напої"
"834","кава мелена",2021-11-01,277.95,"Q1",-4.4,"кава і чай"
"835","кава розчинна",2021-11-01,844.333333333333,"Q1",0.97,"кава і чай"
"836","чай у пакетиках",2021-11-01,564.4,"Q1",-0.77,"кава і чай"
"837","солодка вода",2021-11-01,14.4,"Q1",3.6,"безалкогольні напої"
"838","сигарети з фільтром медіум класу",2021-11-01,59,"Q1",-0.63,"сигарети"
"839","сигарети з фільтром преміум класу",2021-11-01,63.5,"Q1",1.6,"сигарети"
"840","батон",2021-11-01,9.29,"min",0,"хліб"
"841","хліб цільнозерновий",2021-11-01,40,"min",28,"хліб"
"842","хліб житньо-пшеничний",2021-11-01,25,"min",-19,"хліб"
"843","хліб пшеничний",2021-11-01,9.48,"min",-43,"хліб"
"844","торти",2021-11-01,42.8571428571429,"min",-29,"солодощі"
"845","банани",2021-11-01,24.5,"min",-8.9,"фрукти"
"846","мандарини",2021-11-01,25.9,"min",5.7,"фрукти"
"847","авокадо",2021-11-01,18.5,"min",24,"фрукти"
"848","виноград",2021-11-01,19.9,"min",-47,"фрукти"
"849","апельсини",2021-11-01,18.9,"min",-56,"фрукти"
"850","яблука",2021-11-01,6.9,"min",-22,"фрукти"
"851","ківі",2021-11-01,19.5,"min",-72,"фрукти"
"852","лимони",2021-11-01,9.5,"min",-71,"фрукти"
"853","ягоди",2021-11-01,79.5,"min",-75,"фрукти"
"854","кавуни",2021-11-01,6.5,"min",33,"фрукти"
"855","цибуля ріпчаста",2021-11-01,5.2,"min",-40,"овочі"
"856","морква",2021-11-01,7.4,"min",7.2,"овочі"
"857","перець солодкий",2021-11-01,16.5,"min",-15,"овочі"
"858","буряк",2021-11-01,6.5,"min",-14,"овочі"
"859","капуста білокачанна",2021-11-01,7.65,"min",63,"овочі"
"860","кабачки",2021-11-01,49.9,"min",210,"овочі"
"861","картопля",2021-11-01,6.9,"min",-5.5,"овочі"
"862","баклажани",2021-11-01,35,"min",17,"овочі"
"863","часник",2021-11-01,18.9,"min",36,"овочі"
"864","помідори",2021-11-01,119.6,"min",-31,"овочі"
"865","огірки",2021-11-01,5.83333333333333,"min",-80,"овочі"
"866","гриби",2021-11-01,32.2222222222222,"min",-39,"овочі"
"867","салати",2021-11-01,19.5,"min",-38,"овочі"
"868","сухофрукти",2021-11-01,61.9,"min",0,"сухофрукти"
"869","цукати",2021-11-01,227.133333333333,"min",0,"солодощі"
"870","сири розсольні",2021-11-01,86.3333333333333,"min",-10,"молочна продукція та яйця"
"871","сири плавлені",2021-11-01,125,"min",6.9,"молочна продукція та яйця"
"872","крем-сир",2021-11-01,37.9,"min",0,"молочна продукція та яйця"
"873","молоко пастеризоване жирністю до 2,6% включно",2021-11-01,25.8777777777778,"min",6.3,"молочна продукція та яйця"
"874","молоко з підвищеним вмістом жиру",2021-11-01,25.8947368421053,"min",-11,"молочна продукція та яйця"
"875","сири м’які нежирні",2021-11-01,94.975,"min",-2.6,"молочна продукція та яйця"
"876","сири м’які жирні",2021-11-01,107.8,"min",23,"молочна продукція та яйця"
"877","сирки та сиркова маса",2021-11-01,120.75,"min",14,"молочна продукція та яйця"
"878","сметана жирністю до 15% включно",2021-11-01,33.6231884057971,"min",-13,"молочна продукція та яйця"
"879","сметана з підвищеним вмістом жиру",2021-11-01,72.25,"min",4.7,"молочна продукція та яйця"
"880","йогурт",2021-11-01,NA,"min",NA,"молочна продукція та яйця"
"881","морозиво",2021-11-01,23.9,"min",0,"солодощі"
"882","кефір 2.5%",2021-11-01,22.7777777777778,"min",0,"молочна продукція та яйця"
"883","масло вершкове 82%",2021-11-01,54.2,"min",0,"молочна продукція та яйця"
"884","масло вершкове 73%",2021-11-01,169,"min",0,"молочна продукція та яйця"
"885","маргарин",2021-11-01,62.72,"min",0,"молочна продукція та яйця"
"886","яйця",2021-11-01,2.75,"min",-79,"молочна продукція та яйця"
"887","філе куряче",2021-11-01,54.38,"min",3,"м’ясо"
"888","свинина",2021-11-01,113.95,"min",21,"м’ясо"
"889","свинина гуляш",2021-11-01,105.95,"min",0,"м’ясо"
"890","яловичина фарш",2021-11-01,155.95,"min",0,"м’ясо"
"891","свинина ребра",2021-11-01,112.95,"min",5.6,"м’ясо"
"892","субпродукти яловичні",2021-11-01,26.95,"min",0,"м’ясо"
"893","вирізка свиняча",2021-11-01,170.95,"min",4.9,"м’ясо"
"894","свинина фарш",2021-11-01,103.95,"min",-0.95,"м’ясо"
"895","яловичина",2021-11-01,125.95,"min",0,"м’ясо"
"896","субпродукти свинячі",2021-11-01,33.95,"min",-8.1,"м’ясо"
"897","яловичина ребра",2021-11-01,136.95,"min",0,"м’ясо"
"898","сало",2021-11-01,65.87,"min",-39,"м’ясо"
"899","вирізка яловича",2021-11-01,425.95,"min",5.2,"м’ясо"
"900","риба червона",2021-11-01,299.9,"min",31,"риба та морепродукти"
"901","риба річна",2021-11-01,49,"min",-55,"риба та морепродукти"
"902","сосиски, сардельки вищого ґатунку",2021-11-01,98.5818181818182,"min",0,"ковбасні вироби"
"903","сосиски, сардельки першого ґатунку",2021-11-01,64.5,"min",10,"ковбасні вироби"
"904","ковбаси сирокопчені в/ґ",2021-11-01,265.588235294118,"min",0.98,"ковбасні вироби"
"905","ковбаси варені вищого ґатунку",2021-11-01,105,"min",-10,"ковбасні вироби"
"906","ковбаси варено-копчені в/ґ",2021-11-01,99.95,"min",-29,"ковбасні вироби"
"907","ковбаси варені першого ґатунку",2021-11-01,60.9195402298851,"min",2.3,"ковбасні вироби"
"908","вироби з м’яса делікатесні",2021-11-01,79.9,"min",-3.2,"ковбасні вироби"
"909","оселедці",2021-11-01,48.4,"min",-34,"риба та морепродукти"
"910","скумбрія копчена",2021-11-01,120.9,"min",-6.9,"риба та морепродукти"
"911","морепродукти",2021-11-01,9.9,"min",-17,"риба та морепродукти"
"912","ікра червона",2021-11-01,190.652173913043,"min",0,"риба та морепродукти"
"913","вино червоне сухе",2021-11-01,44.3,"min",0,"алкоголь"
"914","вино біле сухе",2021-11-01,49,"min",-3.9,"алкоголь"
"915","сіль",2021-11-01,5.05,"min",-16,"соуси та спеції"
"916","пиво",2021-11-01,15.5,"min",5.9,"алкоголь"
"917","мед",2021-11-01,65.45,"min",0,"солодощі"
"918","крупи гречані",2021-11-01,33,"min",0,"бакалея"
"919","рис",2021-11-01,20.3,"min",0,"бакалея"
"920","пластівці вівсяні",2021-11-01,19,"min",0,"бакалея"
"921","крупи манні",2021-11-01,16.65,"min",0,"бакалея"
"922","пшоно",2021-11-01,17.07,"min",0,"бакалея"
"923","квасоля",2021-11-01,83.65,"min",3.7,"бакалея"
"924","крупи ячні",2021-11-01,16,"min",0,"бакалея"
"925","макарони",2021-11-01,16,"min",0,"бакалея"
"926","борошно пшеничне",2021-11-01,13.7,"min",1.9,"бакалея"
"927","цукор",2021-11-01,25.8333333333333,"min",0,"бакалея"
"928","ром",2021-11-01,54,"min",0,"алкоголь"
"929","коньяк",2021-11-01,33,"min",0,"алкоголь"
"930","супи",2021-11-01,56.75,"min",0,"бакалея"
"931","віскі",2021-11-01,17.79,"min",-23,"алкоголь"
"932","шампанське",2021-11-01,68.6666666666667,"min",0,"алкоголь"
"933","горілка",2021-11-01,178.8,"min",0,"алкоголь"
"934","майонез",2021-11-01,41.2769230769231,"min",-0.3,"соуси та спеції"
"935","паста томатна",2021-11-01,44.5714285714286,"min",-6.5,"соуси та спеції"
"936","кетчуп томатний",2021-11-01,29.9666666666667,"min",0,"соуси та спеції"
"937","олія соняшникова",2021-11-01,50.4705882352941,"min",-3.8,"олія"
"938","олія оливкова",2021-11-01,171.8,"min",49,"олія"
"939","консерви рибні в олії",2021-11-01,130.833333333333,"min",-15,"риба та морепродукти"
"940","кукурудза консервована",2021-11-01,47.3809523809524,"min",0,"консервовані овочі і гриби"
"941","горошок консервований",2021-11-01,31.1764705882353,"min",0,"консервовані овочі і гриби"
"942","гриби консервовані",2021-11-01,85.9722222222222,"min",-8,"консервовані овочі і гриби"
"943","карамель",2021-11-01,54.9,"min",0.64,"солодощі"
"944","зефір",2021-11-01,80.91,"min",0,"солодощі"
"945","цукерки шоколадні",2021-11-01,105,"min",-15,"солодощі"
"946","вафлі",2021-11-01,59.9,"min",-29,"солодощі"
"947","печиво здобне",2021-11-01,37.5,"min",26,"солодощі"
"948","печиво затяжне",2021-11-01,66,"min",0,"солодощі"
"949","сік апельсиновий",2021-11-01,22.9,"min",-4.6,"безалкогольні напої"
"950","сік яблучний",2021-11-01,17.47,"min",0,"безалкогольні напої"
"951","кава мелена",2021-11-01,167.2,"min",0.8,"кава і чай"
"952","кава розчинна",2021-11-01,71.9,"min",-11,"кава і чай"
"953","чай у пакетиках",2021-11-01,278.933333333333,"min",0,"кава і чай"
"954","солодка вода",2021-11-01,4.75,"min",0,"безалкогольні напої"
"955","сигарети з фільтром медіум класу",2021-11-01,53,"min",-7,"сигарети"
"956","сигарети з фільтром преміум класу",2021-11-01,62.5,"min",0,"сигарети"
"957","батон",2021-12-01,46.4444444444444,"Q1",0.036,"хліб"
"958","хліб житньо-пшеничний",2021-12-01,48.7666666666667,"Q1",3.8,"хліб"
"959","хліб цільнозерновий",2021-12-01,58.5,"Q1",4.2,"хліб"
"960","хліб пшеничний",2021-12-01,37.1666666666667,"Q1",1.9,"хліб"
"961","торти",2021-12-01,179.857142857143,"Q1",2,"солодощі"
"962","банани",2021-12-01,28.7,"Q1",3.2,"фрукти"
"963","лимони",2021-12-01,29.9,"Q1",20,"фрукти"
"964","мандарини",2021-12-01,38.5,"Q1",0,"фрукти"
"965","авокадо",2021-12-01,60.475,"Q1",-3.2,"фрукти"
"966","яблука",2021-12-01,13.9,"Q1",-13,"фрукти"
"967","ківі",2021-12-01,39.9,"Q1",-5.9,"фрукти"
"968","виноград",2021-12-01,49.5,"Q1",1.3,"фрукти"
"969","ягоди",2021-12-01,127.25,"Q1",-13,"фрукти"
"970","апельсини",2021-12-01,42.9,"Q1",0,"фрукти"
"971","кавуни",2021-12-01,8.9,"Q1",0,"фрукти"
"972","цибуля ріпчаста",2021-12-01,17.9,"Q1",5.9,"овочі"
"973","морква",2021-12-01,16,"Q1",0.16,"овочі"
"974","картопля",2021-12-01,12.965,"Q1",0.5,"овочі"
"975","буряк",2021-12-01,11.8,"Q1",33,"овочі"
"976","капуста білокачанна",2021-12-01,10.8,"Q1",34,"овочі"
"977","часник",2021-12-01,64.9,"Q1",0,"овочі"
"978","помідори",2021-12-01,137.6,"Q1",15,"овочі"
"979","баклажани",2021-12-01,49.5,"Q1",0,"овочі"
"980","перець солодкий",2021-12-01,34.9,"Q1",0,"овочі"
"981","огірки",2021-12-01,47.9,"Q1",26,"овочі"
"982","гриби",2021-12-01,72,"Q1",3.2,"овочі"
"983","салати",2021-12-01,140,"Q1",-6.7,"овочі"
"984","сухофрукти",2021-12-01,169.9,"Q1",0,"сухофрукти"
"985","цукати",2021-12-01,265.133333333333,"Q1",0,"солодощі"
"986","сири плавлені",2021-12-01,196,"Q1",1,"молочна продукція та яйця"
"987","сири розсольні",2021-12-01,205.217391304348,"Q1",2.6,"молочна продукція та яйця"
"988","крем-сир",2021-12-01,259.846153846154,"Q1",3.4,"молочна продукція та яйця"
"989","молоко пастеризоване жирністю до 2,6% включно",2021-12-01,32.3333333333333,"Q1",1.8,"молочна продукція та яйця"
"990","молоко з підвищеним вмістом жиру",2021-12-01,33.8754385964912,"Q1",3.3,"молочна продукція та яйця"
"991","сири м’які нежирні",2021-12-01,134.464285714286,"Q1",1.2,"молочна продукція та яйця"
"992","сири м’які жирні",2021-12-01,144.142857142857,"Q1",3.1,"молочна продукція та яйця"
"993","сирки та сиркова маса",2021-12-01,135,"Q1",0,"молочна продукція та яйця"
"994","сметана жирністю до 15% включно",2021-12-01,79.7199248120301,"Q1",6,"молочна продукція та яйця"
"995","сметана з підвищеним вмістом жиру",2021-12-01,94,"Q1",0.43,"молочна продукція та яйця"
"996","йогурт",2021-12-01,62.6086956521739,"Q1",0.06,"молочна продукція та яйця"
"997","морозиво",2021-12-01,172.5,"Q1",-4,"солодощі"
"998","кефір 2.5%",2021-12-01,34.2888888888889,"Q1",3.2,"молочна продукція та яйця"
"999","масло вершкове 73%",2021-12-01,239,"Q1",1.2,"молочна продукція та яйця"
"1000","масло вершкове 82%",2021-12-01,277.222222222222,"Q1",-0.75,"молочна продукція та яйця"
"1001","маргарин",2021-12-01,83.2,"Q1",0,"молочна продукція та яйця"
"1002","яйця",2021-12-01,37.375,"Q1",8.3,"молочна продукція та яйця"
"1003","філе куряче",2021-12-01,129.9,"Q1",0.15,"м’ясо"
"1004","свинина",2021-12-01,129.9,"Q1",10,"м’ясо"
"1005","вирізка свиняча",2021-12-01,172.95,"Q1",0.29,"м’ясо"
"1006","свинина гуляш",2021-12-01,105.95,"Q1",0,"м’ясо"
"1007","свинина фарш",2021-12-01,104.95,"Q1",0.012,"м’ясо"
"1008","свинина ребра",2021-12-01,112.95,"Q1",0,"м’ясо"
"1009","субпродукти яловичні",2021-12-01,35.95,"Q1",0,"м’ясо"
"1010","яловичина фарш",2021-12-01,160.68,"Q1",0,"м’ясо"
"1011","субпродукти свинячі",2021-12-01,37.84,"Q1",0,"м’ясо"
"1012","яловичина",2021-12-01,232.95,"Q1",0,"м’ясо"
"1013","яловичина ребра",2021-12-01,136.95,"Q1",0,"м’ясо"
"1014","сало",2021-12-01,116.36,"Q1",0,"м’ясо"
"1015","вирізка яловича",2021-12-01,425.95,"Q1",0,"м’ясо"
"1016","риба червона",2021-12-01,379,"Q1",6.9,"риба та морепродукти"
"1017","риба річна",2021-12-01,95.9,"Q1",39,"риба та морепродукти"
"1018","сосиски, сардельки вищого ґатунку",2021-12-01,183.366666666667,"Q1",2.2,"ковбасні вироби"
"1019","ковбаси варені вищого ґатунку",2021-12-01,160.65,"Q1",-0.25,"ковбасні вироби"
"1020","сосиски, сардельки першого ґатунку",2021-12-01,111.7,"Q1",-3,"ковбасні вироби"
"1021","ковбаси сирокопчені в/ґ",2021-12-01,394.1,"Q1",0,"ковбасні вироби"
"1022","ковбаси варено-копчені в/ґ",2021-12-01,219.12,"Q1",-1.3,"ковбасні вироби"
"1023","ковбаси варені першого ґатунку",2021-12-01,108.742857142857,"Q1",1.8,"ковбасні вироби"
"1024","пиво",2021-12-01,43.6,"Q1",2.5,"алкоголь"
"1025","вироби з м’яса делікатесні",2021-12-01,257,"Q1",1.2,"ковбасні вироби"
"1026","оселедці",2021-12-01,149.444444444444,"Q1",4.3,"риба та морепродукти"
"1027","скумбрія копчена",2021-12-01,207.8,"Q1",0,"риба та морепродукти"
"1028","ікра червона",2021-12-01,1495.20833333333,"Q1",9.7,"риба та морепродукти"
"1029","морепродукти",2021-12-01,184.3,"Q1",0.99,"риба та морепродукти"
"1030","вино червоне сухе",2021-12-01,160.88,"Q1",0.63,"алкоголь"
"1031","вино біле сухе",2021-12-01,157.2,"Q1",2.6,"алкоголь"
"1032","сіль",2021-12-01,26.4,"Q1",-5.2,"соуси та спеції"
"1033","мед",2021-12-01,171.6,"Q1",7.4,"солодощі"
"1034","крупи гречані",2021-12-01,54.275,"Q1",6.5,"бакалея"
"1035","рис",2021-12-01,48.5849056603774,"Q1",-1.4,"бакалея"
"1036","пшоно",2021-12-01,20.41,"Q1",0,"бакалея"
"1037","крупи манні",2021-12-01,20.9,"Q1",9.1,"бакалея"
"1038","пластівці вівсяні",2021-12-01,34.25,"Q1",0,"бакалея"
"1039","крупи ячні",2021-12-01,17.8875,"Q1",5,"бакалея"
"1040","квасоля",2021-12-01,89.55,"Q1",1.3,"бакалея"
"1041","макарони",2021-12-01,55.5,"Q1",15,"бакалея"
"1042","борошно пшеничне",2021-12-01,17.1,"Q1",0,"бакалея"
"1043","цукор",2021-12-01,27.2,"Q1",0,"бакалея"
"1044","ром",2021-12-01,389,"Q1",-3.4,"алкоголь"
"1045","коньяк",2021-12-01,303.8,"Q1",-0.14,"алкоголь"
"1046","супи",2021-12-01,207.981818181818,"Q1",0.6,"бакалея"
"1047","віскі",2021-12-01,528.428571428571,"Q1",3.9,"алкоголь"
"1048","майонез",2021-12-01,71.6666666666667,"Q1",0,"соуси та спеції"
"1049","паста томатна",2021-12-01,65.105,"Q1",18,"соуси та спеції"
"1050","кетчуп томатний",2021-12-01,47,"Q1",5,"соуси та спеції"
"1051","олія соняшникова",2021-12-01,63,"Q1",0,"олія"
"1052","олія оливкова",2021-12-01,328,"Q1",0,"олія"
"1053","консерви рибні в олії",2021-12-01,237.291666666667,"Q1",11,"риба та морепродукти"
"1054","горошок консервований",2021-12-01,56.6045548654244,"Q1",-3.7,"консервовані овочі і гриби"
"1055","кукурудза консервована",2021-12-01,70.5808823529412,"Q1",-5.4,"консервовані овочі і гриби"
"1056","гриби консервовані",2021-12-01,109.861111111111,"Q1",-5,"консервовані овочі і гриби"
"1057","карамель",2021-12-01,74.325,"Q1",-0.97,"солодощі"
"1058","зефір",2021-12-01,108.857142857143,"Q1",2.5,"солодощі"
"1059","цукерки шоколадні",2021-12-01,330.133333333333,"Q1",-0.54,"солодощі"
"1060","вафлі",2021-12-01,121.857142857143,"Q1",0.08,"солодощі"
"1061","печиво здобне",2021-12-01,97.1666666666667,"Q1",-2.8,"солодощі"
"1062","печиво затяжне",2021-12-01,74.99,"Q1",0,"солодощі"
"1063","сік апельсиновий",2021-12-01,40.8,"Q1",7.9,"безалкогольні напої"
"1064","сік яблучний",2021-12-01,24.3157894736842,"Q1",2.4,"безалкогольні напої"
"1065","шампанське",2021-12-01,145.333333333333,"Q1",-0.82,"алкоголь"
"1066","кава мелена",2021-12-01,289.2,"Q1",4,"кава і чай"
"1067","кава розчинна",2021-12-01,855.307030129125,"Q1",1.3,"кава і чай"
"1068","чай у пакетиках",2021-12-01,568,"Q1",0.64,"кава і чай"
"1069","солодка вода",2021-12-01,14.0075,"Q1",-2.7,"безалкогольні напої"
"1070","горілка",2021-12-01,184.142857142857,"Q1",-0.078,"алкоголь"
"1071","кабачки",2021-12-01,49.3375,"Q1",-14,"овочі"
"1072","сигарети з фільтром медіум класу",2021-12-01,60,"Q1",1.7,"сигарети"
"1073","сигарети з фільтром преміум класу",2021-12-01,63.5,"Q1",0,"сигарети"
"1074","батон",2021-12-01,9.29,"min",0,"хліб"
"1075","хліб житньо-пшеничний",2021-12-01,26.6666666666667,"min",6.7,"хліб"
"1076","хліб цільнозерновий",2021-12-01,46.6666666666667,"min",17,"хліб"
"1077","хліб пшеничний",2021-12-01,9.48,"min",0,"хліб"
"1078","торти",2021-12-01,89.5833333333333,"min",110,"солодощі"
"1079","банани",2021-12-01,27.8,"min",13,"фрукти"
"1080","лимони",2021-12-01,9.5,"min",0,"фрукти"
"1081","мандарини",2021-12-01,29.6,"min",14,"фрукти"
"1082","авокадо",2021-12-01,18.9,"min",2.2,"фрукти"
"1083","яблука",2021-12-01,6.9,"min",0,"фрукти"
"1084","ківі",2021-12-01,29.9,"min",53,"фрукти"
"1085","виноград",2021-12-01,19.9,"min",0,"фрукти"
"1086","ягоди",2021-12-01,79.5,"min",0,"фрукти"
"1087","апельсини",2021-12-01,18.9,"min",0,"фрукти"
"1088","кавуни",2021-12-01,6.5,"min",0,"фрукти"
"1089","цибуля ріпчаста",2021-12-01,5.2,"min",0,"овочі"
"1090","морква",2021-12-01,7.6,"min",2.7,"овочі"
"1091","картопля",2021-12-01,7.2,"min",4.3,"овочі"
"1092","буряк",2021-12-01,6.5,"min",0,"овочі"
"1093","капуста білокачанна",2021-12-01,8.9,"min",16,"овочі"
"1094","часник",2021-12-01,16.9,"min",-11,"овочі"
"1095","помідори",2021-12-01,119.6,"min",0,"овочі"
"1096","баклажани",2021-12-01,35,"min",0,"овочі"
"1097","перець солодкий",2021-12-01,24.5,"min",48,"овочі"
"1098","огірки",2021-12-01,34.9,"min",500,"овочі"
"1099","гриби",2021-12-01,51.9,"min",61,"овочі"
"1100","салати",2021-12-01,16.5,"min",-15,"овочі"
"1101","сухофрукти",2021-12-01,66,"min",6.6,"сухофрукти"
"1102","цукати",2021-12-01,227.133333333333,"min",0,"солодощі"
"1103","сири плавлені",2021-12-01,105,"min",-16,"молочна продукція та яйця"
"1104","сири розсольні",2021-12-01,99,"min",15,"молочна продукція та яйця"
"1105","крем-сир",2021-12-01,71.2,"min",88,"молочна продукція та яйця"
"1106","молоко пастеризоване жирністю до 2,6% включно",2021-12-01,26.1927945472249,"min",1.2,"молочна продукція та яйця"
"1107","молоко з підвищеним вмістом жиру",2021-12-01,25.8947368421053,"min",0,"молочна продукція та яйця"
"1108","сири м’які нежирні",2021-12-01,94.975,"min",0,"молочна продукція та яйця"
"1109","сири м’які жирні",2021-12-01,105.8,"min",-1.9,"молочна продукція та яйця"
"1110","сирки та сиркова маса",2021-12-01,120.75,"min",0,"молочна продукція та яйця"
"1111","сметана жирністю до 15% включно",2021-12-01,59.1891891891892,"min",76,"молочна продукція та яйця"
"1112","сметана з підвищеним вмістом жиру",2021-12-01,73.75,"min",2.1,"молочна продукція та яйця"
"1113","йогурт",2021-12-01,NA,"min",NA,"молочна продукція та яйця"
"1114","морозиво",2021-12-01,23.9,"min",0,"солодощі"
"1115","кефір 2.5%",2021-12-01,22.7777777777778,"min",0,"молочна продукція та яйця"
"1116","масло вершкове 73%",2021-12-01,169,"min",0,"молочна продукція та яйця"
"1117","масло вершкове 82%",2021-12-01,54.2,"min",0,"молочна продукція та яйця"
"1118","маргарин",2021-12-01,58.4,"min",-6.9,"молочна продукція та яйця"
"1119","яйця",2021-12-01,2.75,"min",0,"молочна продукція та яйця"
"1120","філе куряче",2021-12-01,50,"min",-8.1,"м’ясо"
"1121","свинина",2021-12-01,104.9,"min",-7.9,"м’ясо"
"1122","вирізка свиняча",2021-12-01,170.95,"min",0,"м’ясо"
"1123","свинина гуляш",2021-12-01,105.95,"min",0,"м’ясо"
"1124","свинина фарш",2021-12-01,103.95,"min",0,"м’ясо"
"1125","свинина ребра",2021-12-01,112.95,"min",0,"м’ясо"
"1126","субпродукти яловичні",2021-12-01,32.42,"min",20,"м’ясо"
"1127","яловичина фарш",2021-12-01,155.95,"min",0,"м’ясо"
"1128","субпродукти свинячі",2021-12-01,33.95,"min",0,"м’ясо"
"1129","яловичина",2021-12-01,125.95,"min",0,"м’ясо"
"1130","яловичина ребра",2021-12-01,136.95,"min",0,"м’ясо"
"1131","сало",2021-12-01,65.87,"min",0,"м’ясо"
"1132","вирізка яловича",2021-12-01,425.95,"min",0,"м’ясо"
"1133","риба червона",2021-12-01,279,"min",-7,"риба та морепродукти"
"1134","риба річна",2021-12-01,49,"min",0,"риба та морепродукти"
"1135","сосиски, сардельки вищого ґатунку",2021-12-01,107.272727272727,"min",8.8,"ковбасні вироби"
"1136","ковбаси варені вищого ґатунку",2021-12-01,89.75,"min",-15,"ковбасні вироби"
"1137","сосиски, сардельки першого ґатунку",2021-12-01,64.5,"min",0,"ковбасні вироби"
"1138","ковбаси сирокопчені в/ґ",2021-12-01,250.9,"min",-5.5,"ковбасні вироби"
"1139","ковбаси варено-копчені в/ґ",2021-12-01,99.95,"min",0,"ковбасні вироби"
"1140","ковбаси варені першого ґатунку",2021-12-01,60.9195402298851,"min",0,"ковбасні вироби"
"1141","пиво",2021-12-01,17.5,"min",13,"алкоголь"
"1142","вироби з м’яса делікатесні",2021-12-01,49.9,"min",-38,"ковбасні вироби"
"1143","оселедці",2021-12-01,48.4,"min",0,"риба та морепродукти"
"1144","скумбрія копчена",2021-12-01,120.9,"min",0,"риба та морепродукти"
"1145","ікра червона",2021-12-01,190.652173913043,"min",0,"риба та морепродукти"
"1146","морепродукти",2021-12-01,11.9,"min",20,"риба та морепродукти"
"1147","вино червоне сухе",2021-12-01,44,"min",-0.68,"алкоголь"
"1148","вино біле сухе",2021-12-01,49,"min",0,"алкоголь"
"1149","сіль",2021-12-01,5.05,"min",0,"соуси та спеції"
"1150","мед",2021-12-01,149.9,"min",130,"солодощі"
"1151","крупи гречані",2021-12-01,39.1,"min",18,"бакалея"
"1152","рис",2021-12-01,20.68,"min",1.9,"бакалея"
"1153","пшоно",2021-12-01,17.07,"min",0,"бакалея"
"1154","крупи манні",2021-12-01,16.65,"min",0,"бакалея"
"1155","пластівці вівсяні",2021-12-01,27.1428571428571,"min",43,"бакалея"
"1156","крупи ячні",2021-12-01,16.41,"min",2.6,"бакалея"
"1157","квасоля",2021-12-01,83.65,"min",0,"бакалея"
"1158","макарони",2021-12-01,20.75,"min",30,"бакалея"
"1159","борошно пшеничне",2021-12-01,13.7,"min",0,"бакалея"
"1160","цукор",2021-12-01,26.9,"min",4.1,"бакалея"
"1161","ром",2021-12-01,54,"min",0,"алкоголь"
"1162","коньяк",2021-12-01,39.9,"min",21,"алкоголь"
"1163","супи",2021-12-01,56.75,"min",0,"бакалея"
"1164","віскі",2021-12-01,17.9,"min",0.62,"алкоголь"
"1165","майонез",2021-12-01,39.7142857142857,"min",-3.8,"соуси та спеції"
"1166","паста томатна",2021-12-01,44.5714285714286,"min",0,"соуси та спеції"
"1167","кетчуп томатний",2021-12-01,30.78,"min",2.7,"соуси та спеції"
"1168","олія соняшникова",2021-12-01,50.3529411764706,"min",-0.23,"олія"
"1169","олія оливкова",2021-12-01,179.92,"min",4.7,"олія"
"1170","консерви рибні в олії",2021-12-01,130.833333333333,"min",0,"риба та морепродукти"
"1171","горошок консервований",2021-12-01,31.1764705882353,"min",0,"консервовані овочі і гриби"
"1172","кукурудза консервована",2021-12-01,47.3809523809524,"min",0,"консервовані овочі і гриби"
"1173","гриби консервовані",2021-12-01,98.4076433121019,"min",14,"консервовані овочі і гриби"
"1174","карамель",2021-12-01,54.9,"min",0,"солодощі"
"1175","зефір",2021-12-01,83.32,"min",3,"солодощі"
"1176","цукерки шоколадні",2021-12-01,99,"min",-5.7,"солодощі"
"1177","вафлі",2021-12-01,74.375,"min",24,"солодощі"
"1178","печиво здобне",2021-12-01,37.5,"min",0,"солодощі"
"1179","печиво затяжне",2021-12-01,66,"min",0,"солодощі"
"1180","сік апельсиновий",2021-12-01,23.3,"min",1.7,"безалкогольні напої"
"1181","сік яблучний",2021-12-01,17.47,"min",0,"безалкогольні напої"
"1182","шампанське",2021-12-01,68.6666666666667,"min",0,"алкоголь"
"1183","кава мелена",2021-12-01,164.888888888889,"min",-1.4,"кава і чай"
"1184","кава розчинна",2021-12-01,107.9,"min",50,"кава і чай"
"1185","чай у пакетиках",2021-12-01,332.666666666667,"min",19,"кава і чай"
"1186","солодка вода",2021-12-01,NA,"min",NA,"безалкогольні напої"
"1187","горілка",2021-12-01,178.8,"min",0,"алкоголь"
"1188","кабачки",2021-12-01,48.85,"min",-2.1,"овочі"
"1189","сигарети з фільтром медіум класу",2021-12-01,53,"min",0,"сигарети"
"1190","сигарети з фільтром преміум класу",2021-12-01,62.5,"min",0,"сигарети"
"1191","батон",2022-01-01,45.5,"Q1",-2,"хліб"
"1192","хліб цільнозерновий",2022-01-01,60.4659090909091,"Q1",3.4,"хліб"
"1193","хліб житньо-пшеничний",2022-01-01,49.75,"Q1",2,"хліб"
"1194","хліб пшеничний",2022-01-01,39.8142857142857,"Q1",7.1,"хліб"
"1195","торти",2022-01-01,180.253125,"Q1",0.22,"солодощі"
"1196","банани",2022-01-01,29.7,"Q1",3.5,"фрукти"
"1197","авокадо",2022-01-01,54.6,"Q1",-9.7,"фрукти"
"1198","мандарини",2022-01-01,40.4,"Q1",4.9,"фрукти"
"1199","апельсини",2022-01-01,39.9,"Q1",-7,"фрукти"
"1200","ківі",2022-01-01,41.475,"Q1",3.9,"фрукти"
"1201","лимони",2022-01-01,29.9,"Q1",0,"фрукти"
"1202","яблука",2022-01-01,13.9,"Q1",0,"фрукти"
"1203","виноград",2022-01-01,49.75,"Q1",0.51,"фрукти"
"1204","ягоди",2022-01-01,145.75,"Q1",15,"фрукти"
"1205","кавуни",2022-01-01,8.9,"Q1",0,"фрукти"
"1206","цибуля ріпчаста",2022-01-01,19.225,"Q1",7.4,"овочі"
"1207","морква",2022-01-01,16.5,"Q1",3.1,"овочі"
"1208","картопля",2022-01-01,13.03,"Q1",0.5,"овочі"
"1209","буряк",2022-01-01,13.4,"Q1",14,"овочі"
"1210","капуста білокачанна",2022-01-01,15.4,"Q1",43,"овочі"
"1211","кабачки",2022-01-01,53.5,"Q1",8.4,"овочі"
"1212","часник",2022-01-01,64.65,"Q1",-0.39,"овочі"
"1213","помідори",2022-01-01,143.6,"Q1",4.4,"овочі"
"1214","огірки",2022-01-01,102.083333333333,"Q1",110,"овочі"
"1215","баклажани",2022-01-01,49.5,"Q1",0,"овочі"
"1216","перець солодкий",2022-01-01,46.9,"Q1",34,"овочі"
"1217","гриби",2022-01-01,74.4903846153846,"Q1",3.5,"овочі"
"1218","салати",2022-01-01,130.75,"Q1",-6.6,"овочі"
"1219","сухофрукти",2022-01-01,172.375,"Q1",1.5,"сухофрукти"
"1220","цукати",2022-01-01,255.633333333333,"Q1",-3.6,"солодощі"
"1221","сири плавлені",2022-01-01,194.285714285714,"Q1",-0.87,"молочна продукція та яйця"
"1222","сири розсольні",2022-01-01,214.600543478261,"Q1",4.6,"молочна продукція та яйця"
"1223","крем-сир",2022-01-01,255.2,"Q1",-1.8,"молочна продукція та яйця"
"1224","молоко пастеризоване жирністю до 2,6% включно",2022-01-01,31,"Q1",-4.1,"молочна продукція та яйця"
"1225","молоко з підвищеним вмістом жиру",2022-01-01,34.1947368421053,"Q1",0.94,"молочна продукція та яйця"
"1226","сири м’які нежирні",2022-01-01,135.780952380952,"Q1",0.98,"молочна продукція та яйця"
"1227","сири м’які жирні",2022-01-01,146.3,"Q1",1.5,"молочна продукція та яйця"
"1228","сирки та сиркова маса",2022-01-01,134.625,"Q1",-0.28,"молочна продукція та яйця"
"1229","сметана жирністю до 15% включно",2022-01-01,77.1019736842105,"Q1",-3.3,"молочна продукція та яйця"
"1230","сметана з підвищеним вмістом жиру",2022-01-01,93.6,"Q1",-0.43,"молочна продукція та яйця"
"1231","йогурт",2022-01-01,62.7869565217391,"Q1",0.28,"молочна продукція та яйця"
"1232","морозиво",2022-01-01,187.389285714286,"Q1",8.6,"солодощі"
"1233","кефір 2.5%",2022-01-01,34.2166666666667,"Q1",-0.21,"молочна продукція та яйця"
"1234","масло вершкове 82%",2022-01-01,289,"Q1",4.2,"молочна продукція та яйця"
"1235","масло вершкове 73%",2022-01-01,234.75,"Q1",-1.8,"молочна продукція та яйця"
"1236","маргарин",2022-01-01,82.75,"Q1",-0.54,"молочна продукція та яйця"
"1237","яйця",2022-01-01,39.475,"Q1",5.6,"молочна продукція та яйця"
"1238","філе куряче",2022-01-01,143.325,"Q1",10,"м’ясо"
"1239","свинина",2022-01-01,162.2,"Q1",25,"м’ясо"
"1240","вирізка свиняча",2022-01-01,180.4125,"Q1",4.3,"м’ясо"
"1241","свинина фарш",2022-01-01,104.95,"Q1",0,"м’ясо"
"1242","свинина ребра",2022-01-01,121.95,"Q1",8,"м’ясо"
"1243","субпродукти свинячі",2022-01-01,37.895,"Q1",0.15,"м’ясо"
"1244","яловичина",2022-01-01,233.95,"Q1",0.43,"м’ясо"
"1245","яловичина фарш",2022-01-01,159.8,"Q1",-0.55,"м’ясо"
"1246","субпродукти яловичні",2022-01-01,39.7,"Q1",10,"м’ясо"
"1247","свинина гуляш",2022-01-01,120.95,"Q1",14,"м’ясо"
"1248","сало",2022-01-01,122.38,"Q1",5.2,"м’ясо"
"1249","яловичина ребра",2022-01-01,136.95,"Q1",0,"м’ясо"
"1250","вирізка яловича",2022-01-01,495.91,"Q1",16,"м’ясо"
"1251","риба червона",2022-01-01,399.9,"Q1",5.5,"риба та морепродукти"
"1252","риба річна",2022-01-01,95.9,"Q1",0,"риба та морепродукти"
"1253","сосиски, сардельки вищого ґатунку",2022-01-01,183.975,"Q1",0.33,"ковбасні вироби"
"1254","ковбаси сирокопчені в/ґ",2022-01-01,393.75,"Q1",-0.089,"ковбасні вироби"
"1255","ковбаси варено-копчені в/ґ",2022-01-01,216.3,"Q1",-1.3,"ковбасні вироби"
"1256","сосиски, сардельки першого ґатунку",2022-01-01,116.275,"Q1",4.1,"ковбасні вироби"
"1257","ковбаси варені вищого ґатунку",2022-01-01,160.9575,"Q1",0.19,"ковбасні вироби"
"1258","ковбаси варені першого ґатунку",2022-01-01,105.921428571429,"Q1",-2.6,"ковбасні вироби"
"1259","пиво",2022-01-01,43,"Q1",-1.4,"алкоголь"
"1260","вироби з м’яса делікатесні",2022-01-01,250.2,"Q1",-2.6,"ковбасні вироби"
"1261","оселедці",2022-01-01,159.5,"Q1",6.7,"риба та морепродукти"
"1262","скумбрія копчена",2022-01-01,201.875,"Q1",-2.9,"риба та морепродукти"
"1263","ікра червона",2022-01-01,1498.75,"Q1",0.24,"риба та морепродукти"
"1264","морепродукти",2022-01-01,159,"Q1",-14,"риба та морепродукти"
"1265","вино червоне сухе",2022-01-01,161.86,"Q1",0.61,"алкоголь"
"1266","вино біле сухе",2022-01-01,160.086666666667,"Q1",1.8,"алкоголь"
"1267","сіль",2022-01-01,28.12,"Q1",6.5,"соуси та спеції"
"1268","мед",2022-01-01,174.6,"Q1",1.7,"солодощі"
"1269","крупи гречані",2022-01-01,59.247641509434,"Q1",9.2,"бакалея"
"1270","рис",2022-01-01,48.846179245283,"Q1",0.54,"бакалея"
"1271","пластівці вівсяні",2022-01-01,34.58,"Q1",0.96,"бакалея"
"1272","крупи манні",2022-01-01,21.2,"Q1",1.4,"бакалея"
"1273","пшоно",2022-01-01,23.73,"Q1",16,"бакалея"
"1274","квасоля",2022-01-01,89.55,"Q1",0,"бакалея"
"1275","крупи ячні",2022-01-01,19.58125,"Q1",9.5,"бакалея"
"1276","макарони",2022-01-01,58.8375,"Q1",6,"бакалея"
"1277","борошно пшеничне",2022-01-01,18.0583333333333,"Q1",5.6,"бакалея"
"1278","цукор",2022-01-01,31.3,"Q1",15,"бакалея"
"1279","ром",2022-01-01,402.74,"Q1",3.5,"алкоголь"
"1280","коньяк",2022-01-01,303.8,"Q1",0,"алкоголь"
"1281","супи",2022-01-01,207.981818181818,"Q1",0,"бакалея"
"1282","віскі",2022-01-01,547.678571428571,"Q1",3.6,"алкоголь"
"1283","шампанське",2022-01-01,148.666666666667,"Q1",2.3,"алкоголь"
"1284","майонез",2022-01-01,73.15,"Q1",2.1,"соуси та спеції"
"1285","паста томатна",2022-01-01,65.105,"Q1",0,"соуси та спеції"
"1286","кетчуп томатний",2022-01-01,45.52,"Q1",-3.1,"соуси та спеції"
"1287","олія соняшникова",2022-01-01,63,"Q1",0,"олія"
"1288","олія оливкова",2022-01-01,338.275,"Q1",3.1,"олія"
"1289","консерви рибні в олії",2022-01-01,238.958333333333,"Q1",0.7,"риба та морепродукти"
"1290","горошок консервований",2022-01-01,57.0546129374337,"Q1",0.8,"консервовані овочі і гриби"
"1291","кукурудза консервована",2022-01-01,67.6470588235294,"Q1",-4.2,"консервовані овочі і гриби"
"1292","гриби консервовані",2022-01-01,98.2758620689655,"Q1",-11,"консервовані овочі і гриби"
"1293","цукерки шоколадні",2022-01-01,343.943965517241,"Q1",4.2,"солодощі"
"1294","карамель",2022-01-01,74.6825,"Q1",0.48,"солодощі"
"1295","зефір",2022-01-01,109.084285714286,"Q1",0.21,"солодощі"
"1296","печиво здобне",2022-01-01,100,"Q1",2.9,"солодощі"
"1297","вафлі",2022-01-01,122.2,"Q1",0.28,"солодощі"
"1298","печиво затяжне",2022-01-01,76.9647222222222,"Q1",2.6,"солодощі"
"1299","сік апельсиновий",2022-01-01,40.8,"Q1",0,"безалкогольні напої"
"1300","сік яблучний",2022-01-01,25.8526315789474,"Q1",6.3,"безалкогольні напої"
"1301","кава розчинна",2022-01-01,854.126255380201,"Q1",-0.14,"кава і чай"
"1302","кава мелена",2022-01-01,302.461538461538,"Q1",4.6,"кава і чай"
"1303","чай у пакетиках",2022-01-01,574.2,"Q1",1.1,"кава і чай"
"1304","солодка вода",2022-01-01,13.6075,"Q1",-2.9,"безалкогольні напої"
"1305","горілка",2022-01-01,183.178571428571,"Q1",-0.52,"алкоголь"
"1306","сигарети з фільтром медіум класу",2022-01-01,61,"Q1",1.7,"сигарети"
"1307","сигарети з фільтром преміум класу",2022-01-01,63.5,"Q1",0,"сигарети"
"1308","батон",2022-01-01,9,"min",-3.1,"хліб"
"1309","хліб цільнозерновий",2022-01-01,53.3,"min",14,"хліб"
"1310","хліб житньо-пшеничний",2022-01-01,33.3333333333333,"min",25,"хліб"
"1311","хліб пшеничний",2022-01-01,9.48,"min",0,"хліб"
"1312","торти",2022-01-01,119,"min",33,"солодощі"
"1313","банани",2022-01-01,29.7,"min",6.8,"фрукти"
"1314","авокадо",2022-01-01,18.9,"min",0,"фрукти"
"1315","мандарини",2022-01-01,33.9,"min",15,"фрукти"
"1316","апельсини",2022-01-01,18.9,"min",0,"фрукти"
"1317","ківі",2022-01-01,29.9,"min",0,"фрукти"
"1318","лимони",2022-01-01,9.5,"min",0,"фрукти"
"1319","яблука",2022-01-01,6.9,"min",0,"фрукти"
"1320","виноград",2022-01-01,29.9,"min",50,"фрукти"
"1321","ягоди",2022-01-01,79.5,"min",0,"фрукти"
"1322","кавуни",2022-01-01,6.5,"min",0,"фрукти"
"1323","цибуля ріпчаста",2022-01-01,5.2,"min",0,"овочі"
"1324","морква",2022-01-01,11.9,"min",57,"овочі"
"1325","картопля",2022-01-01,7.2,"min",0,"овочі"
"1326","буряк",2022-01-01,6.5,"min",0,"овочі"
"1327","капуста білокачанна",2022-01-01,15.4,"min",73,"овочі"
"1328","кабачки",2022-01-01,53.5,"min",9.5,"овочі"
"1329","часник",2022-01-01,18.9,"min",12,"овочі"
"1330","помідори",2022-01-01,135.6,"min",13,"овочі"
"1331","огірки",2022-01-01,99.5,"min",190,"овочі"
"1332","баклажани",2022-01-01,35,"min",0,"овочі"
"1333","перець солодкий",2022-01-01,29.5,"min",20,"овочі"
"1334","гриби",2022-01-01,58.7058823529412,"min",13,"овочі"
"1335","салати",2022-01-01,19.5,"min",18,"овочі"
"1336","сухофрукти",2022-01-01,66,"min",0,"сухофрукти"
"1337","цукати",2022-01-01,227.133333333333,"min",0,"солодощі"
"1338","сири плавлені",2022-01-01,140,"min",33,"молочна продукція та яйця"
"1339","сири розсольні",2022-01-01,105.521739130435,"min",6.6,"молочна продукція та яйця"
"1340","крем-сир",2022-01-01,71.2,"min",0,"молочна продукція та яйця"
"1341","молоко пастеризоване жирністю до 2,6% включно",2022-01-01,26.1927945472249,"min",0,"молочна продукція та яйця"
"1342","молоко з підвищеним вмістом жиру",2022-01-01,25.5555555555556,"min",-1.3,"молочна продукція та яйця"
"1343","сири м’які нежирні",2022-01-01,94.975,"min",0,"молочна продукція та яйця"
"1344","сири м’які жирні",2022-01-01,105.8,"min",0,"молочна продукція та яйця"
"1345","сирки та сиркова маса",2022-01-01,120.75,"min",0,"молочна продукція та яйця"
"1346","сметана жирністю до 15% включно",2022-01-01,59.1891891891892,"min",0,"молочна продукція та яйця"
"1347","сметана з підвищеним вмістом жиру",2022-01-01,73.75,"min",0,"молочна продукція та яйця"
"1348","йогурт",2022-01-01,NA,"min",NA,"молочна продукція та яйця"
"1349","морозиво",2022-01-01,23.9,"min",0,"солодощі"
"1350","кефір 2.5%",2022-01-01,22.7777777777778,"min",0,"молочна продукція та яйця"
"1351","масло вершкове 82%",2022-01-01,61.5,"min",13,"молочна продукція та яйця"
"1352","масло вершкове 73%",2022-01-01,171.65,"min",1.6,"молочна продукція та яйця"
"1353","маргарин",2022-01-01,59.6,"min",2.1,"молочна продукція та яйця"
"1354","яйця",2022-01-01,2.75,"min",0,"молочна продукція та яйця"
"1355","філе куряче",2022-01-01,55.9,"min",12,"м’ясо"
"1356","свинина",2022-01-01,128.95,"min",23,"м’ясо"
"1357","вирізка свиняча",2022-01-01,172.95,"min",1.2,"м’ясо"
"1358","свинина фарш",2022-01-01,103.95,"min",0,"м’ясо"
"1359","свинина ребра",2022-01-01,121.95,"min",8,"м’ясо"
"1360","субпродукти свинячі",2022-01-01,33.95,"min",0,"м’ясо"
"1361","яловичина",2022-01-01,125.95,"min",0,"м’ясо"
"1362","яловичина фарш",2022-01-01,155.95,"min",0,"м’ясо"
"1363","субпродукти яловичні",2022-01-01,32.42,"min",0,"м’ясо"
"1364","свинина гуляш",2022-01-01,120.95,"min",14,"м’ясо"
"1365","сало",2022-01-01,65.87,"min",0,"м’ясо"
"1366","яловичина ребра",2022-01-01,136.95,"min",0,"м’ясо"
"1367","вирізка яловича",2022-01-01,425.95,"min",0,"м’ясо"
"1368","риба червона",2022-01-01,359.9,"min",29,"риба та морепродукти"
"1369","риба річна",2022-01-01,52.9,"min",8,"риба та морепродукти"
"1370","сосиски, сардельки вищого ґатунку",2022-01-01,107.272727272727,"min",0,"ковбасні вироби"
"1371","ковбаси сирокопчені в/ґ",2022-01-01,250.9,"min",0,"ковбасні вироби"
"1372","ковбаси варено-копчені в/ґ",2022-01-01,99.95,"min",0,"ковбасні вироби"
"1373","сосиски, сардельки першого ґатунку",2022-01-01,64.5,"min",0,"ковбасні вироби"
"1374","ковбаси варені вищого ґатунку",2022-01-01,99.75,"min",11,"ковбасні вироби"
"1375","ковбаси варені першого ґатунку",2022-01-01,60.9195402298851,"min",0,"ковбасні вироби"
"1376","пиво",2022-01-01,16.6666666666667,"min",-4.8,"алкоголь"
"1377","вироби з м’яса делікатесні",2022-01-01,91.4571428571428,"min",83,"ковбасні вироби"
"1378","оселедці",2022-01-01,48.4,"min",0,"риба та морепродукти"
"1379","скумбрія копчена",2022-01-01,120.9,"min",0,"риба та морепродукти"
"1380","ікра червона",2022-01-01,190.652173913043,"min",0,"риба та морепродукти"
"1381","морепродукти",2022-01-01,11.9,"min",0,"риба та морепродукти"
"1382","вино червоне сухе",2022-01-01,44,"min",0,"алкоголь"
"1383","вино біле сухе",2022-01-01,49,"min",0,"алкоголь"
"1384","сіль",2022-01-01,5.05,"min",0,"соуси та спеції"
"1385","мед",2022-01-01,149.9,"min",0,"солодощі"
"1386","крупи гречані",2022-01-01,39.1,"min",0,"бакалея"
"1387","рис",2022-01-01,22.2,"min",7.4,"бакалея"
"1388","пластівці вівсяні",2022-01-01,27.1428571428571,"min",0,"бакалея"
"1389","крупи манні",2022-01-01,16.65,"min",0,"бакалея"
"1390","пшоно",2022-01-01,17.07,"min",0,"бакалея"
"1391","квасоля",2022-01-01,88.2,"min",5.4,"бакалея"
"1392","крупи ячні",2022-01-01,17,"min",3.6,"бакалея"
"1393","макарони",2022-01-01,20.9,"min",0.72,"бакалея"
"1394","борошно пшеничне",2022-01-01,13.7,"min",0,"бакалея"
"1395","цукор",2022-01-01,26.9,"min",0,"бакалея"
"1396","ром",2022-01-01,55.2,"min",2.2,"алкоголь"
"1397","коньяк",2022-01-01,41,"min",2.8,"алкоголь"
"1398","супи",2022-01-01,56.75,"min",0,"бакалея"
"1399","віскі",2022-01-01,17.9,"min",0,"алкоголь"
"1400","шампанське",2022-01-01,68.6666666666667,"min",0,"алкоголь"
"1401","майонез",2022-01-01,41.4,"min",4.2,"соуси та спеції"
"1402","паста томатна",2022-01-01,44.5714285714286,"min",0,"соуси та спеції"
"1403","кетчуп томатний",2022-01-01,30.78,"min",0,"соуси та спеції"
"1404","олія соняшникова",2022-01-01,52.4705882352941,"min",4.2,"олія"
"1405","олія оливкова",2022-01-01,179.92,"min",0,"олія"
"1406","консерви рибні в олії",2022-01-01,163.733333333333,"min",25,"риба та морепродукти"
"1407","горошок консервований",2022-01-01,31.1764705882353,"min",0,"консервовані овочі і гриби"
"1408","кукурудза консервована",2022-01-01,47.3809523809524,"min",0,"консервовані овочі і гриби"
"1409","гриби консервовані",2022-01-01,85.6687898089172,"min",-13,"консервовані овочі і гриби"
"1410","цукерки шоколадні",2022-01-01,99,"min",0,"солодощі"
"1411","карамель",2022-01-01,54.9,"min",0,"солодощі"
"1412","зефір",2022-01-01,87.7,"min",5.3,"солодощі"
"1413","печиво здобне",2022-01-01,37.5,"min",0,"солодощі"
"1414","вафлі",2022-01-01,74.375,"min",0,"солодощі"
"1415","печиво затяжне",2022-01-01,66,"min",0,"солодощі"
"1416","сік апельсиновий",2022-01-01,26.45,"min",14,"безалкогольні напої"
"1417","сік яблучний",2022-01-01,17.47,"min",0,"безалкогольні напої"
"1418","кава розчинна",2022-01-01,80.5,"min",-25,"кава і чай"
"1419","кава мелена",2022-01-01,165.2,"min",0.19,"кава і чай"
"1420","чай у пакетиках",2022-01-01,30,"min",-91,"кава і чай"
"1421","солодка вода",2022-01-01,4.75,"min",NA,"безалкогольні напої"
"1422","горілка",2022-01-01,172.285714285714,"min",-3.6,"алкоголь"
"1423","сигарети з фільтром медіум класу",2022-01-01,53,"min",0,"сигарети"
"1424","сигарети з фільтром преміум класу",2022-01-01,62.5,"min",0,"сигарети"
